,,,,,,aed81f1b-b190-4076-9f38-601ef9f4b371,,,,,,,,,,,,,,,,,,,,,,,732fcccb-a657-44bd-ba4a-185e85325b51,,,,,,,,,,,,,,,,,,,,,aed81f1b-b190-4076-9f38-601ef9f4b371,,,,,,,,,aed81f1b-b190-4076-9f38-601ef9f4b371,aed81f1b-b190-4076-9f38-601ef9f4b371,,,,,,732fcccb-a657-44bd-ba4a-185e85325b51,,,,e04540d3-d537-4d74-bfcb-adfe2778708a,,,,,,,,aed81f1b-b190-4076-9f38-601ef9f4b371,,,,,,aed81f1b-b190-4076-9f38-601ef9f4b371,,
,,,,,,,732fcccb-a657-44bd-ba4a-185e85325b51,,,,,,,,,,732fcccb-a657-44bd-ba4a-185e85325b51,732fcccb-a657-44bd-ba4a-185e85325b51,,,,,,,,,,,,,,,,,,732fcccb-a657-44bd-ba4a-185e85325b51,,,,,,,,,,,732fcccb-a657-44bd-ba4a-185e85325b51,,,,,,,,,,,,,,,,,,,,,,,,732fcccb-a657-44bd-ba4a-185e85325b51,,,,,,,,,,,,,,,
,,,,,,,,,,,,,,,,,,aed81f1b-b190-4076-9f38-601ef9f4b371,,,,,,,,,,,,,,,,,,,,,,,,,aed81f1b-b190-4076-9f38-601ef9f4b371,,,732fcccb-a657-44bd-ba4a-185e85325b51,,,,,,,,,,,,,,,,,,,,,,,,,aed81f1b-b190-4076-9f38-601ef9f4b371,,,,,,,aed81f1b-b190-4076-9f38-601ef9f4b371,,,,,,,,
,,,,,,,732fcccb-a657-44bd-ba4a-185e85325b51,,,,,,,,,,,,,,,,,,,,,,732fcccb-a657-44bd-ba4a-185e85325b51,,,,,,,732fcccb-a657-44bd-ba4a-185e85325b51,,,,,,,,,,,,,,,,,,,,,,,,,,,,,,,,,,,,,,,,,,732fcccb-a657-44bd-ba4a-185e85325b51,,,,,,,,
,,,,,,,,,,,,,,,,,,,,,e04540d3-d537-4d74-bfcb-adfe2778708a,,,,,,,,,,,,,,,,,,,,,,,,,,,,,,,,,,,,,,,,732fcccb-a657-44bd-ba4a-185e85325b51,,,,,,,,,,e04540d3-d537-4d74-bfcb-adfe2778708a,,,,,,,732fcccb-a657-44bd-ba4a-185e85325b51,,,,,,,,
,,,,,,,e04540d3-d537-4d74-bfcb-adfe2778708a,,,,,,,,,,,,,,,,,,,,,,,,e04540d3-d537-4d74-bfcb-adfe2778708a,,,,,,,,,,,,,,,,,,,05dcbf4e-92be-49ac-9c9f-e3fb982cbe18,,,,,,,,,,0b19922d-2f3c-49ee-bdba-8798c68f130a,,,,,,,,,,,,,,,,,,e04540d3-d537-4d74-bfcb-adfe2778708a,,,,,,0b19922d-2f3c-49ee-bdba-8798c68f130a,,
,,,,,,,,,,,,,,,,,,,,,,,,,,,,,,,,e04540d3-d537-4d74-bfcb-adfe2778708a,,,,,,,aed81f1b-b190-4076-9f38-601ef9f4b371,,,,,,,,,,,,,,,,,,,,,,05dcbf4e-92be-49ac-9c9f-e3fb982cbe18,,,,,,,,,,,,,,,,,aed81f1b-b190-4076-9f38-601ef9f4b371,,,,,,,,
,,,,,,,,,,,,,,,,,,,,,,,,,,,,,,,aed81f1b-b190-4076-9f38-601ef9f4b371,,,,,,,,,,,,,,,e04540d3-d537-4d74-bfcb-adfe2778708a,,,,aed81f1b-b190-4076-9f38-601ef9f4b371,,,,,,,,,,aed81f1b-b190-4076-9f38-601ef9f4b371,,,,,,,,,,,,,,,,,68b7b548-3aa3-4713-a414-01210cefe820,aed81f1b-b190-4076-9f38-601ef9f4b371,,,,,,05dcbf4e-92be-49ac-9c9f-e3fb982cbe18,,
,,,,,,,,,,,,,,,,,,,,,,,,,,,,,,,,,,,,,,,,,,,,,,,,,,aed81f1b-b190-4076-9f38-601ef9f4b371,,,,,,,,,,aed81f1b-b190-4076-9f38-601ef9f4b371,,,,,,,,,,,,,,,,,,aed81f1b-b190-4076-9f38-601ef9f4b371,,,,,,aed81f1b-b190-4076-9f38-601ef9f4b371,,
,,,,,,,,,,,,,,,,,,,,,,,,,,,,,,,,,,,,,,,,,,,,,,,,,,e04540d3-d537-4d74-bfcb-adfe2778708a,,,,,,,,,,aed81f1b-b190-4076-9f38-601ef9f4b371,,,,,,,,,,,,,,,,,,732fcccb-a657-44bd-ba4a-185e85325b51,,,,,,e04540d3-d537-4d74-bfcb-adfe2778708a,,
,,,,,,,,,,,,,,,aed81f1b-b190-4076-9f38-601ef9f4b371,,732fcccb-a657-44bd-ba4a-185e85325b51,e04540d3-d537-4d74-bfcb-adfe2778708a,,,,,,,,,,,,,,,,e04540d3-d537-4d74-bfcb-adfe2778708a,,,,,,,,,,,,,,,,,,,,,,,,,,,,,,,,,,,,,,aed81f1b-b190-4076-9f38-601ef9f4b371,,,e04540d3-d537-4d74-bfcb-adfe2778708a,,,aed81f1b-b190-4076-9f38-601ef9f4b371,,,,,,,,
,,,,,,,e04540d3-d537-4d74-bfcb-adfe2778708a,,,,,,,,,,,,,,,,,,,,,,,,,,,,,,05dcbf4e-92be-49ac-9c9f-e3fb982cbe18,,,,,,,,,,,,aed81f1b-b190-4076-9f38-601ef9f4b371,,,,,,,,,,,,,,,732fcccb-a657-44bd-ba4a-185e85325b51,,,,,,,,05dcbf4e-92be-49ac-9c9f-e3fb982cbe18,,,,,,e04540d3-d537-4d74-bfcb-adfe2778708a,,,,,,,,
,,,,,,,732fcccb-a657-44bd-ba4a-185e85325b51,,,,,,,,05dcbf4e-92be-49ac-9c9f-e3fb982cbe18,,732fcccb-a657-44bd-ba4a-185e85325b51,,,,,,,,,,,,,,,,,aed81f1b-b190-4076-9f38-601ef9f4b371,,,,,,,,,e04540d3-d537-4d74-bfcb-adfe2778708a,,,,,,,,,,,,,,,,,,,,,,,,,,,,,,,,,,,e04540d3-d537-4d74-bfcb-adfe2778708a,,,,,,,,
,,,,,,,732fcccb-a657-44bd-ba4a-185e85325b51,,,,,,,,,,,,,,e04540d3-d537-4d74-bfcb-adfe2778708a,,,,,,,,,,,732fcccb-a657-44bd-ba4a-185e85325b51,,,,,,,,,,,732fcccb-a657-44bd-ba4a-185e85325b51,,,,,,,e04540d3-d537-4d74-bfcb-adfe2778708a,,,,,,,,,,0b19922d-2f3c-49ee-bdba-8798c68f130a,,,,,,,,,,,732fcccb-a657-44bd-ba4a-185e85325b51,,,,,,,732fcccb-a657-44bd-ba4a-185e85325b51,,,,,,732fcccb-a657-44bd-ba4a-185e85325b51,,
,,,,,,,e04540d3-d537-4d74-bfcb-adfe2778708a,,,e04540d3-d537-4d74-bfcb-adfe2778708a,,,,,,,,,,,732fcccb-a657-44bd-ba4a-185e85325b51,,,,,,,,,,,,,,,,,,,,,,,,,,,,,e04540d3-d537-4d74-bfcb-adfe2778708a,,,,,,,,,,e04540d3-d537-4d74-bfcb-adfe2778708a,,,,,,,,,,,e04540d3-d537-4d74-bfcb-adfe2778708a,,,,,,,e04540d3-d537-4d74-bfcb-adfe2778708a,,,,,,732fcccb-a657-44bd-ba4a-185e85325b51,,
,,,,,,,aed81f1b-b190-4076-9f38-601ef9f4b371,,,,aed81f1b-b190-4076-9f38-601ef9f4b371,,,,,,,,,,,,,,,,,,,,,,,,,aed81f1b-b190-4076-9f38-601ef9f4b371,,,,,,,,,,,,,0b19922d-2f3c-49ee-bdba-8798c68f130a,,,,,,,,,,,,,,,,,,,,,,,,,,,,,,,,,,,,,
,,,,,,,e04540d3-d537-4d74-bfcb-adfe2778708a,,,,,,,,,,,,,,,,,,,,,,,,,,,,,,,,,e04540d3-d537-4d74-bfcb-adfe2778708a,,,,,,,,,,e04540d3-d537-4d74-bfcb-adfe2778708a,,,,,,,,,,732fcccb-a657-44bd-ba4a-185e85325b51,,,,,,,,,,,e04540d3-d537-4d74-bfcb-adfe2778708a,,,,,,,e04540d3-d537-4d74-bfcb-adfe2778708a,,,05dcbf4e-92be-49ac-9c9f-e3fb982cbe18,,,,,
,,,,,,,,,,,,,,,,,,,,,,,,,,,,,,,,,,,,,,,,aed81f1b-b190-4076-9f38-601ef9f4b371,,,,,,,,,,05dcbf4e-92be-49ac-9c9f-e3fb982cbe18,,,,,,,,,,05dcbf4e-92be-49ac-9c9f-e3fb982cbe18,,,,,,,,,,,05dcbf4e-92be-49ac-9c9f-e3fb982cbe18,,,,,,,05dcbf4e-92be-49ac-9c9f-e3fb982cbe18,,,,,,,,
,,aed81f1b-b190-4076-9f38-601ef9f4b371,,,,,aed81f1b-b190-4076-9f38-601ef9f4b371,,,,,,,,,,,,,,,,,,,,,,,,,,,,,,,,,,,,,,,,,,,,,,,,,,,,,,,,,,,,aed81f1b-b190-4076-9f38-601ef9f4b371,,,,,,,,aed81f1b-b190-4076-9f38-601ef9f4b371,,,aed81f1b-b190-4076-9f38-601ef9f4b371,,732fcccb-a657-44bd-ba4a-185e85325b51,,,,,,
,,,,,,,732fcccb-a657-44bd-ba4a-185e85325b51,,,,,,,,,,,732fcccb-a657-44bd-ba4a-185e85325b51,,,,,,,,,732fcccb-a657-44bd-ba4a-185e85325b51,,,,,,,,,,,,,,,,,,,,,,,,,,,,,,,,,,,,,,,,,,,,,e04540d3-d537-4d74-bfcb-adfe2778708a,,,,,,,,,,,,,,
,,,,,,,732fcccb-a657-44bd-ba4a-185e85325b51,,,,,,,,,,,,,,,,,e04540d3-d537-4d74-bfcb-adfe2778708a,,,,,,,,,,,,,,,,732fcccb-a657-44bd-ba4a-185e85325b51,,,732fcccb-a657-44bd-ba4a-185e85325b51,,,,,,,732fcccb-a657-44bd-ba4a-185e85325b51,,,,,,,,,,732fcccb-a657-44bd-ba4a-185e85325b51,,,,,,,732fcccb-a657-44bd-ba4a-185e85325b51,,,,732fcccb-a657-44bd-ba4a-185e85325b51,,,,,,,732fcccb-a657-44bd-ba4a-185e85325b51,,,,,,,,
,,,,,,,aed81f1b-b190-4076-9f38-601ef9f4b371,,,,,,,,,,,aed81f1b-b190-4076-9f38-601ef9f4b371,,,,,,,,,,,,,,,,,,aed81f1b-b190-4076-9f38-601ef9f4b371,,,,,,,,,,,,,,,,,aed81f1b-b190-4076-9f38-601ef9f4b371,,,,,,,,,,,,,,,,,,aed81f1b-b190-4076-9f38-601ef9f4b371,,,,,,,aed81f1b-b190-4076-9f38-601ef9f4b371,,,,,,,,
,,,,e04540d3-d537-4d74-bfcb-adfe2778708a,,,732fcccb-a657-44bd-ba4a-185e85325b51,,,,,,,,,,,,,,,,,,,,,,,,,,,,,,,,,,,,,,,,,,,732fcccb-a657-44bd-ba4a-185e85325b51,,,,,,,,,,732fcccb-a657-44bd-ba4a-185e85325b51,,,,aed81f1b-b190-4076-9f38-601ef9f4b371,,,,,,,,,aed81f1b-b190-4076-9f38-601ef9f4b371,,,,,732fcccb-a657-44bd-ba4a-185e85325b51,,,,,,732fcccb-a657-44bd-ba4a-185e85325b51,,
,,,,,,,732fcccb-a657-44bd-ba4a-185e85325b51,,,,732fcccb-a657-44bd-ba4a-185e85325b51,,,,,,,,,,,,,,,,,,,,,,,,,,05dcbf4e-92be-49ac-9c9f-e3fb982cbe18,,,e04540d3-d537-4d74-bfcb-adfe2778708a,,,,,,,,,,,,,,,,,,,,732fcccb-a657-44bd-ba4a-185e85325b51,,,,,,,,,,,732fcccb-a657-44bd-ba4a-185e85325b51,,,,,,,732fcccb-a657-44bd-ba4a-185e85325b51,,,,,,,,
,,e04540d3-d537-4d74-bfcb-adfe2778708a,,,,,,,,,,,,,,,,,,,,,,,,,,,,,,,,,05dcbf4e-92be-49ac-9c9f-e3fb982cbe18,,,,,,,,,,,,,,,aed81f1b-b190-4076-9f38-601ef9f4b371,,,,,,,,,,aed81f1b-b190-4076-9f38-601ef9f4b371,,,,,,,,,,e04540d3-d537-4d74-bfcb-adfe2778708a,,e04540d3-d537-4d74-bfcb-adfe2778708a,,,,,,aed81f1b-b190-4076-9f38-601ef9f4b371,,,,,,e04540d3-d537-4d74-bfcb-adfe2778708a,,
,,,,,,,,,,,,,,,,,,,,,,,,,,,,732fcccb-a657-44bd-ba4a-185e85325b51,,,,,,,,,,,,,,,aed81f1b-b190-4076-9f38-601ef9f4b371,,,,,,,,,,,,,,,,,,,,,,,,aed81f1b-b190-4076-9f38-601ef9f4b371,,,,,aed81f1b-b190-4076-9f38-601ef9f4b371,,,,,,aed81f1b-b190-4076-9f38-601ef9f4b371,,,,,,,,
,,,,,,,,,,,e04540d3-d537-4d74-bfcb-adfe2778708a,,,,,,,e04540d3-d537-4d74-bfcb-adfe2778708a,,,,,,,,,,,,,,,,,,,e04540d3-d537-4d74-bfcb-adfe2778708a,,,,,,,,,,,,,e04540d3-d537-4d74-bfcb-adfe2778708a,,,,,,,,,,aed81f1b-b190-4076-9f38-601ef9f4b371,,,,,,,,,,e04540d3-d537-4d74-bfcb-adfe2778708a,,e04540d3-d537-4d74-bfcb-adfe2778708a,,,,,,e04540d3-d537-4d74-bfcb-adfe2778708a,,,,,,e04540d3-d537-4d74-bfcb-adfe2778708a,,
,,,,,,,e04540d3-d537-4d74-bfcb-adfe2778708a,,,,,,,,,,,,,,,,,,,,,,,,,,,,,,,,,e04540d3-d537-4d74-bfcb-adfe2778708a,,,,,,,,,,,,,,,,,,,,aed81f1b-b190-4076-9f38-601ef9f4b371,,,,,,,,,,,e04540d3-d537-4d74-bfcb-adfe2778708a,,,,,,,e04540d3-d537-4d74-bfcb-adfe2778708a,,,,,,,,
,,,,,,,,,,,,,,,,,,,,,,,,,,,,,,,,,,,,,,,,732fcccb-a657-44bd-ba4a-185e85325b51,,,732fcccb-a657-44bd-ba4a-185e85325b51,,,,,,,aed81f1b-b190-4076-9f38-601ef9f4b371,,,,,,,,,,732fcccb-a657-44bd-ba4a-185e85325b51,,,,,,,,,,732fcccb-a657-44bd-ba4a-185e85325b51,732fcccb-a657-44bd-ba4a-185e85325b51,732fcccb-a657-44bd-ba4a-185e85325b51,,,,,,732fcccb-a657-44bd-ba4a-185e85325b51,,,,,,0b19922d-2f3c-49ee-bdba-8798c68f130a,,
,,,,,,,,,,,,,,,,,,,,,,,,,,,,,,,,,,,,,,,,,,,,,,,,,,aed81f1b-b190-4076-9f38-601ef9f4b371,,,,,,,,,,e04540d3-d537-4d74-bfcb-adfe2778708a,,,,,,,,,,,,,,,,,05dcbf4e-92be-49ac-9c9f-e3fb982cbe18,e04540d3-d537-4d74-bfcb-adfe2778708a,,,,,,732fcccb-a657-44bd-ba4a-185e85325b51,,
,,,,,,,aed81f1b-b190-4076-9f38-601ef9f4b371,,,,,,,,,,,,,,,,,,,,,,,,,,,,,,,,,aed81f1b-b190-4076-9f38-601ef9f4b371,aed81f1b-b190-4076-9f38-601ef9f4b371,,,,,,,,,,,,,,,,,,,aed81f1b-b190-4076-9f38-601ef9f4b371,,,,,,,,,,732fcccb-a657-44bd-ba4a-185e85325b51,aed81f1b-b190-4076-9f38-601ef9f4b371,,,,,,,aed81f1b-b190-4076-9f38-601ef9f4b371,,,,,,,,
,,,,,,732fcccb-a657-44bd-ba4a-185e85325b51,,,,,,,,,,,,,,,,,,,,,,,,,,,,,,,,,,,,,,,,,,,,732fcccb-a657-44bd-ba4a-185e85325b51,,,,,,,,,,732fcccb-a657-44bd-ba4a-185e85325b51,,,,,,,,,,732fcccb-a657-44bd-ba4a-185e85325b51,,732fcccb-a657-44bd-ba4a-185e85325b51,,,,,,732fcccb-a657-44bd-ba4a-185e85325b51,,,,,,732fcccb-a657-44bd-ba4a-185e85325b51,,
,,,,,,,,,,,,,,,,,,,,,,,,,,,,,,{'com': 'aed81f1b-b190-4076-9f38-601ef9f4b371'},,,,,,,,,,,,,,,,,,,,e04540d3-d537-4d74-bfcb-adfe2778708a,,,,,,,,,,aed81f1b-b190-4076-9f38-601ef9f4b371,,,,,,,,,,,,aed81f1b-b190-4076-9f38-601ef9f4b371,,,,,,aed81f1b-b190-4076-9f38-601ef9f4b371,,,,,,aed81f1b-b190-4076-9f38-601ef9f4b371,,
,,,,,,,,,,,,,,,,,,,,,,,,,,,,,,,,,,,,,,,,aed81f1b-b190-4076-9f38-601ef9f4b371,,,aed81f1b-b190-4076-9f38-601ef9f4b371,,,,,,,aed81f1b-b190-4076-9f38-601ef9f4b371,,,,,,,,,,aed81f1b-b190-4076-9f38-601ef9f4b371,,,,,,,,,,aed81f1b-b190-4076-9f38-601ef9f4b371,aed81f1b-b190-4076-9f38-601ef9f4b371,aed81f1b-b190-4076-9f38-601ef9f4b371,,,,,,aed81f1b-b190-4076-9f38-601ef9f4b371,,,,,,aed81f1b-b190-4076-9f38-601ef9f4b371,,
,,,,,,,,,,,aed81f1b-b190-4076-9f38-601ef9f4b371,,,,,,,,,,,,,,,,,,,,,,,732fcccb-a657-44bd-ba4a-185e85325b51,,,,,,,,,,,,,,,,,,,,,,,,732fcccb-a657-44bd-ba4a-185e85325b51,,,,,,,,,,,,,,,,,,,,aed81f1b-b190-4076-9f38-601ef9f4b371,,,,,,,,
,,,,,,,,,,,,,,,,,,,,,,,,,,,,,,,,,,,,,,,,aed81f1b-b190-4076-9f38-601ef9f4b371,,,,,,,,,,aed81f1b-b190-4076-9f38-601ef9f4b371,,,,,,,,,,aed81f1b-b190-4076-9f38-601ef9f4b371,,,,,,,,,,,aed81f1b-b190-4076-9f38-601ef9f4b371,,,,,,,aed81f1b-b190-4076-9f38-601ef9f4b371,,,,,,,,
,,,,05dcbf4e-92be-49ac-9c9f-e3fb982cbe18,,,aed81f1b-b190-4076-9f38-601ef9f4b371,,,,,,,,,,,,,,,,,,,,,,e04540d3-d537-4d74-bfcb-adfe2778708a,,,,,,,,,,,,,,,,,,,,,aed81f1b-b190-4076-9f38-601ef9f4b371,e04540d3-d537-4d74-bfcb-adfe2778708a,05dcbf4e-92be-49ac-9c9f-e3fb982cbe18,,,,,,,,aed81f1b-b190-4076-9f38-601ef9f4b371,,,,,,,,,,,,,,,,,,aed81f1b-b190-4076-9f38-601ef9f4b371,,,,,,aed81f1b-b190-4076-9f38-601ef9f4b371,,
,,,,,,,,,,,,,,,,,,,,,,,,,,,,,,,,,aed81f1b-b190-4076-9f38-601ef9f4b371,,,,,,,,,,,,,,,e04540d3-d537-4d74-bfcb-adfe2778708a,,,,,,,,,,,,aed81f1b-b190-4076-9f38-601ef9f4b371,,,,,,,,,,,,,,,,,,aed81f1b-b190-4076-9f38-601ef9f4b371,,,,0b19922d-2f3c-49ee-bdba-8798c68f130a,,,,
,,,,,,,,,,,,,,,,,,,,,,,,,,,05dcbf4e-92be-49ac-9c9f-e3fb982cbe18,,,,,,aed81f1b-b190-4076-9f38-601ef9f4b371,,,,,,,,,,,,,,,05dcbf4e-92be-49ac-9c9f-e3fb982cbe18,,,,,,,,,,,,,,,,,,,,,,,,,,,,,,,,,,732fcccb-a657-44bd-ba4a-185e85325b51,,,,
,,,,,,,e04540d3-d537-4d74-bfcb-adfe2778708a,,,,,,,,,,,,,,,,,e04540d3-d537-4d74-bfcb-adfe2778708a,,,,,,,,,,,,,,,,e04540d3-d537-4d74-bfcb-adfe2778708a,,,,,,,,,,aed81f1b-b190-4076-9f38-601ef9f4b371,,,,,,,,,,aed81f1b-b190-4076-9f38-601ef9f4b371,,,,,,,,,,aed81f1b-b190-4076-9f38-601ef9f4b371,e04540d3-d537-4d74-bfcb-adfe2778708a,aed81f1b-b190-4076-9f38-601ef9f4b371,,,,,,e04540d3-d537-4d74-bfcb-adfe2778708a,,,,,,aed81f1b-b190-4076-9f38-601ef9f4b371,,
,,,,,,,aed81f1b-b190-4076-9f38-601ef9f4b371,,,,,,,,,,,,,,,,,,,,,,,,,,,,,,,,,,,,,,,,,,,e04540d3-d537-4d74-bfcb-adfe2778708a,,,,,,,,,,aed81f1b-b190-4076-9f38-601ef9f4b371,,,,,,,,,,,,,732fcccb-a657-44bd-ba4a-185e85325b51,,,,,aed81f1b-b190-4076-9f38-601ef9f4b371,,,,,,e04540d3-d537-4d74-bfcb-adfe2778708a,,
732fcccb-a657-44bd-ba4a-185e85325b51,,,,,,,,,,,,,,,,,,,,,,,,,,,,,,,,,,,,,,,,,,,,,,,,,,aed81f1b-b190-4076-9f38-601ef9f4b371,,,,,,,,,,aed81f1b-b190-4076-9f38-601ef9f4b371,,,,,,,,,,732fcccb-a657-44bd-ba4a-185e85325b51,,732fcccb-a657-44bd-ba4a-185e85325b51,,,,,,732fcccb-a657-44bd-ba4a-185e85325b51,,,,,,732fcccb-a657-44bd-ba4a-185e85325b51,,
,,e04540d3-d537-4d74-bfcb-adfe2778708a,,,,,e04540d3-d537-4d74-bfcb-adfe2778708a,,,,,,,,,,,e04540d3-d537-4d74-bfcb-adfe2778708a,,,,,,,,,,,,,,,,,,e04540d3-d537-4d74-bfcb-adfe2778708a,,,,,,,e04540d3-d537-4d74-bfcb-adfe2778708a,,,,,,,,,,,aed81f1b-b190-4076-9f38-601ef9f4b371,,,,,,e04540d3-d537-4d74-bfcb-adfe2778708a,,,,,,,,,,,e04540d3-d537-4d74-bfcb-adfe2778708a,,,,,,,,,,,,,,,
,,,,,,,68b7b548-3aa3-4713-a414-01210cefe820,,,,,,,,,,,68b7b548-3aa3-4713-a414-01210cefe820,,,,,,,,,,,,,,,,,,68b7b548-3aa3-4713-a414-01210cefe820,,,,,,,68b7b548-3aa3-4713-a414-01210cefe820,,,,,,,,,,,,,,,,,68b7b548-3aa3-4713-a414-01210cefe820,,,,,,,,,,,68b7b548-3aa3-4713-a414-01210cefe820,68b7b548-3aa3-4713-a414-01210cefe820,,68b7b548-3aa3-4713-a414-01210cefe820,,,,732fcccb-a657-44bd-ba4a-185e85325b51,,,,,,,,
,,68b7b548-3aa3-4713-a414-01210cefe820,,,,,68b7b548-3aa3-4713-a414-01210cefe820,,,,,,,,,,,68b7b548-3aa3-4713-a414-01210cefe820,,,,,,,,,,,,,,,,,,68b7b548-3aa3-4713-a414-01210cefe820,,,,,,,68b7b548-3aa3-4713-a414-01210cefe820,,,,68b7b548-3aa3-4713-a414-01210cefe820,,,,,,,,,,,,,68b7b548-3aa3-4713-a414-01210cefe820,,,,,,,,732fcccb-a657-44bd-ba4a-185e85325b51,,,68b7b548-3aa3-4713-a414-01210cefe820,,,,,,,,,,,,,,,
,,,,,,,05dcbf4e-92be-49ac-9c9f-e3fb982cbe18,,,,,,,,,,,05dcbf4e-92be-49ac-9c9f-e3fb982cbe18,,,,,,,,,,,,,,,,,,05dcbf4e-92be-49ac-9c9f-e3fb982cbe18,,,,,,,05dcbf4e-92be-49ac-9c9f-e3fb982cbe18,,,,,,,,,,,,,,,,,05dcbf4e-92be-49ac-9c9f-e3fb982cbe18,,,,,,,,,,,05dcbf4e-92be-49ac-9c9f-e3fb982cbe18,,,,,,,,,,,,,,,
,,,,,,,05dcbf4e-92be-49ac-9c9f-e3fb982cbe18,,,,,,,,,,,e04540d3-d537-4d74-bfcb-adfe2778708a,,,,,,,,,,,,,,,,,,05dcbf4e-92be-49ac-9c9f-e3fb982cbe18,,,,,,,732fcccb-a657-44bd-ba4a-185e85325b51,,,,,,,,,,,,,,,,,732fcccb-a657-44bd-ba4a-185e85325b51,,,,,,,,,,,732fcccb-a657-44bd-ba4a-185e85325b51,,,,,,,,,,,,,,,
,,,,,,,732fcccb-a657-44bd-ba4a-185e85325b51,,,,,,,,,,,732fcccb-a657-44bd-ba4a-185e85325b51,,,,,,,,,,,,,,,,,,732fcccb-a657-44bd-ba4a-185e85325b51,,,,,,,732fcccb-a657-44bd-ba4a-185e85325b51,,,,,,,,,,,,,,,,,e04540d3-d537-4d74-bfcb-adfe2778708a,,,,,,,,,,,732fcccb-a657-44bd-ba4a-185e85325b51,,,,,,,,,,,,,,,
,,,,,,,0b19922d-2f3c-49ee-bdba-8798c68f130a,,,,,,,,,,,0b19922d-2f3c-49ee-bdba-8798c68f130a,,,,,,,,0b19922d-2f3c-49ee-bdba-8798c68f130a,,,,,,,,,,0b19922d-2f3c-49ee-bdba-8798c68f130a,,,,,,,0b19922d-2f3c-49ee-bdba-8798c68f130a,,,,,,,,,,,,,,,,,0b19922d-2f3c-49ee-bdba-8798c68f130a,,,,,,,,,,,0b19922d-2f3c-49ee-bdba-8798c68f130a,,,,,,,,,,,,,,,
,,,,,,,732fcccb-a657-44bd-ba4a-185e85325b51,,,,,,,,,,,732fcccb-a657-44bd-ba4a-185e85325b51,,,,,,,,,,,,,,,,,,732fcccb-a657-44bd-ba4a-185e85325b51,,,,,,,732fcccb-a657-44bd-ba4a-185e85325b51,,,,,,,,,,,,,,,,,732fcccb-a657-44bd-ba4a-185e85325b51,,,,,,,,,,732fcccb-a657-44bd-ba4a-185e85325b51,732fcccb-a657-44bd-ba4a-185e85325b51,,,,,,,,,,,,,,,
,,,,,,,0b19922d-2f3c-49ee-bdba-8798c68f130a,,,,,,,,,,,0b19922d-2f3c-49ee-bdba-8798c68f130a,,,,,,,,,,,,,,,,,,0b19922d-2f3c-49ee-bdba-8798c68f130a,,,,,,,0b19922d-2f3c-49ee-bdba-8798c68f130a,,,,,,,,,,,,,,,,,0b19922d-2f3c-49ee-bdba-8798c68f130a,,,,,,,,,,,0b19922d-2f3c-49ee-bdba-8798c68f130a,,,,,,,,,,,,,,,
,,,,,,,05dcbf4e-92be-49ac-9c9f-e3fb982cbe18,,,,,,,,,,,05dcbf4e-92be-49ac-9c9f-e3fb982cbe18,,,,,,,,,,,,,,,,,,05dcbf4e-92be-49ac-9c9f-e3fb982cbe18,,,,,,,05dcbf4e-92be-49ac-9c9f-e3fb982cbe18,,,,,,,,,,,,,,,,,05dcbf4e-92be-49ac-9c9f-e3fb982cbe18,,,,,,,,,,,05dcbf4e-92be-49ac-9c9f-e3fb982cbe18,,,,,,,,,,,,,,,
,,,,,,,732fcccb-a657-44bd-ba4a-185e85325b51,,,,,,,,,,,aed81f1b-b190-4076-9f38-601ef9f4b371,,,,,,,,,,,,,,,,,,aed81f1b-b190-4076-9f38-601ef9f4b371,,,,,,,732fcccb-a657-44bd-ba4a-185e85325b51,,,,,,,,,,,,,,,,,,,,,,,,,,0b19922d-2f3c-49ee-bdba-8798c68f130a,68b7b548-3aa3-4713-a414-01210cefe820,732fcccb-a657-44bd-ba4a-185e85325b51,,,,,,,,,,,,,,,
,,,,,,,e04540d3-d537-4d74-bfcb-adfe2778708a,,,,,,,,,,,e04540d3-d537-4d74-bfcb-adfe2778708a,,,,,,,,,,,,,,,,,,e04540d3-d537-4d74-bfcb-adfe2778708a,,,,,,,e04540d3-d537-4d74-bfcb-adfe2778708a,,,,,,,,,,,,,,,,,,,,,,,,,,,,e04540d3-d537-4d74-bfcb-adfe2778708a,,,,,,,,,,,,,,,
,,,,,,,0b19922d-2f3c-49ee-bdba-8798c68f130a,,,,,,,,,,,0b19922d-2f3c-49ee-bdba-8798c68f130a,,,,,,,,,,,,,,,,,,0b19922d-2f3c-49ee-bdba-8798c68f130a,,,,,,,0b19922d-2f3c-49ee-bdba-8798c68f130a,,,,,,,,,,,,,,,,,0b19922d-2f3c-49ee-bdba-8798c68f130a,,,,,,,,,,,0b19922d-2f3c-49ee-bdba-8798c68f130a,,,,,,,,,,,,,,,
,,,,,,,732fcccb-a657-44bd-ba4a-185e85325b51,,,,,,,,,,,732fcccb-a657-44bd-ba4a-185e85325b51,,,,,,,,,,,,,,,,,,732fcccb-a657-44bd-ba4a-185e85325b51,,,,,,,732fcccb-a657-44bd-ba4a-185e85325b51,,,,,,,,,,,,,,,,,732fcccb-a657-44bd-ba4a-185e85325b51,,,,,,,,,,,732fcccb-a657-44bd-ba4a-185e85325b51,,,,,,,,,,,,,,,
,,e04540d3-d537-4d74-bfcb-adfe2778708a,,,,,e04540d3-d537-4d74-bfcb-adfe2778708a,,,,,,,,,,,e04540d3-d537-4d74-bfcb-adfe2778708a,,,,,,,,,,,,,,,,,,e04540d3-d537-4d74-bfcb-adfe2778708a,,,,,,,e04540d3-d537-4d74-bfcb-adfe2778708a,,,,,,,,,,,,,,,,,05dcbf4e-92be-49ac-9c9f-e3fb982cbe18,,,,,,,,,,,e04540d3-d537-4d74-bfcb-adfe2778708a,,,,,,,,,,,,,,,
,,,,,,,aed81f1b-b190-4076-9f38-601ef9f4b371,,,,,,,,,,,aed81f1b-b190-4076-9f38-601ef9f4b371,,,,,,,,,,,,,,,,,,aed81f1b-b190-4076-9f38-601ef9f4b371,,,,,,,aed81f1b-b190-4076-9f38-601ef9f4b371,,,,,,,,,,,,,,,,,05dcbf4e-92be-49ac-9c9f-e3fb982cbe18,,,,,,,,,,,aed81f1b-b190-4076-9f38-601ef9f4b371,,,,,,,,,,,,,,,
,,,,,,,05dcbf4e-92be-49ac-9c9f-e3fb982cbe18,,,,,,,,,,,05dcbf4e-92be-49ac-9c9f-e3fb982cbe18,,,,,,,,,,,,,,,,,,,,,,,,,05dcbf4e-92be-49ac-9c9f-e3fb982cbe18,,,,,,,,,,,,,,,,,732fcccb-a657-44bd-ba4a-185e85325b51,,,,,,,,,,,05dcbf4e-92be-49ac-9c9f-e3fb982cbe18,,,,,,,,,,,,,,,
,,,,,,,68b7b548-3aa3-4713-a414-01210cefe820,,,,,,,,,,,68b7b548-3aa3-4713-a414-01210cefe820,,,,,,,,,,,,,,,,,,,,,,,,,68b7b548-3aa3-4713-a414-01210cefe820,,,,,,,,,,,,,,,,,68b7b548-3aa3-4713-a414-01210cefe820,,,,,,,,68b7b548-3aa3-4713-a414-01210cefe820,,,68b7b548-3aa3-4713-a414-01210cefe820,,,,,,,,,,,,,,,
,,,,,,,e04540d3-d537-4d74-bfcb-adfe2778708a,,,,,,,,,,,aed81f1b-b190-4076-9f38-601ef9f4b371,,,,,,,,,,,,,,,,,,,,,,,,,e04540d3-d537-4d74-bfcb-adfe2778708a,,,,,,,,,,,,,,,,,e04540d3-d537-4d74-bfcb-adfe2778708a,,,,,,,,,,,e04540d3-d537-4d74-bfcb-adfe2778708a,,,,,,,,,,,,,,,
,,,,,,,0b19922d-2f3c-49ee-bdba-8798c68f130a,,,,,,,,,,,0b19922d-2f3c-49ee-bdba-8798c68f130a,,,,,,,,,,,,,,,,,,,,,,,,,0b19922d-2f3c-49ee-bdba-8798c68f130a,,,,,,,,,,,,,,,,,0b19922d-2f3c-49ee-bdba-8798c68f130a,,,,,,,,,,,0b19922d-2f3c-49ee-bdba-8798c68f130a,,,,,,,,,,,,,,,
,,,,,,,732fcccb-a657-44bd-ba4a-185e85325b51,,,,,,,,,,,732fcccb-a657-44bd-ba4a-185e85325b51,,,,,,,,,,,,,,,,,,,,,,,,,732fcccb-a657-44bd-ba4a-185e85325b51,,,,,,,,,,,,,,,,,732fcccb-a657-44bd-ba4a-185e85325b51,,,,,,,,,,,732fcccb-a657-44bd-ba4a-185e85325b51,,,,,,,,,,,,,,,
,,,,,,,68b7b548-3aa3-4713-a414-01210cefe820,,,,,,,,,,,68b7b548-3aa3-4713-a414-01210cefe820,,,,,,,,,,,,,,,,,,,,,,,,,68b7b548-3aa3-4713-a414-01210cefe820,,,,,,,,,,,,,,,,,68b7b548-3aa3-4713-a414-01210cefe820,,,,,,,,,,,68b7b548-3aa3-4713-a414-01210cefe820,,,,,,,,,,,,,,,
,,,,,,,05dcbf4e-92be-49ac-9c9f-e3fb982cbe18,,,,,,,,,,,05dcbf4e-92be-49ac-9c9f-e3fb982cbe18,,,,,,,,,,,,,,,,,,,,,,,,,05dcbf4e-92be-49ac-9c9f-e3fb982cbe18,,,,,,,,,,,,,,,,,aed81f1b-b190-4076-9f38-601ef9f4b371,,,,,,,,,,,05dcbf4e-92be-49ac-9c9f-e3fb982cbe18,,,,,,,,,,,,,,,
,,,,,,,aed81f1b-b190-4076-9f38-601ef9f4b371,,,,,,,,,,,aed81f1b-b190-4076-9f38-601ef9f4b371,,,,,,,,,,,,,,,,,,,,,,,,,aed81f1b-b190-4076-9f38-601ef9f4b371,,,,,,,,,,,,,,,,,aed81f1b-b190-4076-9f38-601ef9f4b371,,,,,,,,aed81f1b-b190-4076-9f38-601ef9f4b371,,,aed81f1b-b190-4076-9f38-601ef9f4b371,,,,,,,,,,,,,,,
,,,,,,,05dcbf4e-92be-49ac-9c9f-e3fb982cbe18,,,,,,,,,,,0b19922d-2f3c-49ee-bdba-8798c68f130a,,,,,,,,,,,,,,,,,,,,,,,,,0b19922d-2f3c-49ee-bdba-8798c68f130a,,,,,,,,,,,,,,,,,0b19922d-2f3c-49ee-bdba-8798c68f130a,,,,,,,,,,,0b19922d-2f3c-49ee-bdba-8798c68f130a,,,,,,,,,,,,,,,
,,,,,,,aed81f1b-b190-4076-9f38-601ef9f4b371,,,,,,,,,,,aed81f1b-b190-4076-9f38-601ef9f4b371,,,,,,,,,,,,,,,,,,,,,,,,,aed81f1b-b190-4076-9f38-601ef9f4b371,,,,,,,,,,,,,,,,,aed81f1b-b190-4076-9f38-601ef9f4b371,,,,,,,,,,,aed81f1b-b190-4076-9f38-601ef9f4b371,,,,,,,,,,,,,,,
,,,,,,,05dcbf4e-92be-49ac-9c9f-e3fb982cbe18,,,05dcbf4e-92be-49ac-9c9f-e3fb982cbe18,,,,,,,,05dcbf4e-92be-49ac-9c9f-e3fb982cbe18,,,,,,,,,,,,,,,,,,,,,,,,,05dcbf4e-92be-49ac-9c9f-e3fb982cbe18,,,,,,,,,,,,,,,,,732fcccb-a657-44bd-ba4a-185e85325b51,,,,,,,,,,,05dcbf4e-92be-49ac-9c9f-e3fb982cbe18,,,,,,,,,,,,,,,
,,,,,,,e04540d3-d537-4d74-bfcb-adfe2778708a,,,,,,,,,,,e04540d3-d537-4d74-bfcb-adfe2778708a,,,,,,,,,,,,,,,,,,,,,,,,,e04540d3-d537-4d74-bfcb-adfe2778708a,,,,,,,,,,,,,,,,,e04540d3-d537-4d74-bfcb-adfe2778708a,,,,,,,,,,,e04540d3-d537-4d74-bfcb-adfe2778708a,,,,,,,,,,,,,,,
,,05dcbf4e-92be-49ac-9c9f-e3fb982cbe18,,,,,05dcbf4e-92be-49ac-9c9f-e3fb982cbe18,,,,,,,,,,,e04540d3-d537-4d74-bfcb-adfe2778708a,,,,,,,,,,,,,,,,,,,,,,,,,e04540d3-d537-4d74-bfcb-adfe2778708a,,,,,,,,,,,,,,,,,e04540d3-d537-4d74-bfcb-adfe2778708a,,,,,,,,,,,e04540d3-d537-4d74-bfcb-adfe2778708a,,,,,,,,,,,,,,,
,,aed81f1b-b190-4076-9f38-601ef9f4b371,,,,,aed81f1b-b190-4076-9f38-601ef9f4b371,,,,,,,,,,,aed81f1b-b190-4076-9f38-601ef9f4b371,,,,,,,,,,,,,,,,,,,,,,,,,aed81f1b-b190-4076-9f38-601ef9f4b371,,,,,,,,,,,,,,,,,aed81f1b-b190-4076-9f38-601ef9f4b371,,,,,,,,,,,aed81f1b-b190-4076-9f38-601ef9f4b371,,,,,,,,,,,,,,,
,,e04540d3-d537-4d74-bfcb-adfe2778708a,,,,,e04540d3-d537-4d74-bfcb-adfe2778708a,,,,,,,,,,,e04540d3-d537-4d74-bfcb-adfe2778708a,,,,,,,,,,,,,,,,,,,,,,,,,e04540d3-d537-4d74-bfcb-adfe2778708a,,,,,,,,,,,,,,,,,e04540d3-d537-4d74-bfcb-adfe2778708a,,,,,,,,,,,e04540d3-d537-4d74-bfcb-adfe2778708a,,,,,,,e04540d3-d537-4d74-bfcb-adfe2778708a,,,,,,,,
e04540d3-d537-4d74-bfcb-adfe2778708a,,68b7b548-3aa3-4713-a414-01210cefe820,,,,,68b7b548-3aa3-4713-a414-01210cefe820,,,,,,,,,,,68b7b548-3aa3-4713-a414-01210cefe820,,,,,,,,,,,,,,,,,,,,,,,,,68b7b548-3aa3-4713-a414-01210cefe820,,,,,,,68b7b548-3aa3-4713-a414-01210cefe820,,,,,,,,,,68b7b548-3aa3-4713-a414-01210cefe820,,,,,,,,,,,68b7b548-3aa3-4713-a414-01210cefe820,,,,,,,68b7b548-3aa3-4713-a414-01210cefe820,,,,,,68b7b548-3aa3-4713-a414-01210cefe820,,
,,e04540d3-d537-4d74-bfcb-adfe2778708a,,,,,e04540d3-d537-4d74-bfcb-adfe2778708a,,,,,,,,,,,e04540d3-d537-4d74-bfcb-adfe2778708a,,,,,,,,,,,,,,,,,,,,,,,,,e04540d3-d537-4d74-bfcb-adfe2778708a,,,,,,,,,,,,,,,,,,,,,,,,,,,,e04540d3-d537-4d74-bfcb-adfe2778708a,,,,,,,,,,,,,,,
,,05dcbf4e-92be-49ac-9c9f-e3fb982cbe18,,,,,68b7b548-3aa3-4713-a414-01210cefe820,,,,,,,,,,,68b7b548-3aa3-4713-a414-01210cefe820,,,,,,,,,,,,,,,,,,,,,,,,,68b7b548-3aa3-4713-a414-01210cefe820,,,,,,,,,,,,,,,,,,,,,,,,,,,,68b7b548-3aa3-4713-a414-01210cefe820,,,,,,,,,,,,,,,
,,05dcbf4e-92be-49ac-9c9f-e3fb982cbe18,,,,,e04540d3-d537-4d74-bfcb-adfe2778708a,,,,,,,,,,,aed81f1b-b190-4076-9f38-601ef9f4b371,,,,,,,,732fcccb-a657-44bd-ba4a-185e85325b51,,,,,,,,,,,,,,,,,e04540d3-d537-4d74-bfcb-adfe2778708a,,,,,,,,,,,,,,,,,,,,,,,,,,,,e04540d3-d537-4d74-bfcb-adfe2778708a,,,,,,,,,,,,,,,
,,,,,,,0b19922d-2f3c-49ee-bdba-8798c68f130a,,,,,,,,,,,0b19922d-2f3c-49ee-bdba-8798c68f130a,,,,,,,,,,,,,,,,,,,,,,,,,68b7b548-3aa3-4713-a414-01210cefe820,,,,,,,,,,,,,,,,,0b19922d-2f3c-49ee-bdba-8798c68f130a,,,,,,,,,,,0b19922d-2f3c-49ee-bdba-8798c68f130a,,,,,,,,,,,,,,,
,,05dcbf4e-92be-49ac-9c9f-e3fb982cbe18,,,,,aed81f1b-b190-4076-9f38-601ef9f4b371,,,,,,,,,,,05dcbf4e-92be-49ac-9c9f-e3fb982cbe18,,,,,,,,,,,,,,,,,,,,,,,,,05dcbf4e-92be-49ac-9c9f-e3fb982cbe18,,,,,,,,,,,,,,,,,,,,,,,,,,,,05dcbf4e-92be-49ac-9c9f-e3fb982cbe18,,,,,,,,,,,,,,,
,,05dcbf4e-92be-49ac-9c9f-e3fb982cbe18,,,,,05dcbf4e-92be-49ac-9c9f-e3fb982cbe18,,,,,,,,,,,05dcbf4e-92be-49ac-9c9f-e3fb982cbe18,,,,,,,,,,,,,,,,,,,,,,,,,05dcbf4e-92be-49ac-9c9f-e3fb982cbe18,,,,,,,,,,,,,,,,,,,,,,,,,,,,05dcbf4e-92be-49ac-9c9f-e3fb982cbe18,,,,,,,,,,,,,,,
,,,,,,,05dcbf4e-92be-49ac-9c9f-e3fb982cbe18,,,,,,,,,,,05dcbf4e-92be-49ac-9c9f-e3fb982cbe18,,,,,,,,,,,,,,,,,,,,,,,,,05dcbf4e-92be-49ac-9c9f-e3fb982cbe18,,,,,,,,,,,,,,,,,e04540d3-d537-4d74-bfcb-adfe2778708a,,,,,,,,,,,05dcbf4e-92be-49ac-9c9f-e3fb982cbe18,,,,,,,,,,,,,,,
,,,,,,,e04540d3-d537-4d74-bfcb-adfe2778708a,,,,,,,,,,,e04540d3-d537-4d74-bfcb-adfe2778708a,,,,,,,,,,,,,,,,,,,,,,,,,732fcccb-a657-44bd-ba4a-185e85325b51,,,,,,,,,,,,,,,,,732fcccb-a657-44bd-ba4a-185e85325b51,,,,,,,,,,,732fcccb-a657-44bd-ba4a-185e85325b51,aed81f1b-b190-4076-9f38-601ef9f4b371,,,,,,,,,,,,,,
,,,,,,,aed81f1b-b190-4076-9f38-601ef9f4b371,,,,,,,,,,,aed81f1b-b190-4076-9f38-601ef9f4b371,,,,,,,,,,,,,,,,,,,,,,,,,aed81f1b-b190-4076-9f38-601ef9f4b371,,,,,,,,,,,,,,,,,aed81f1b-b190-4076-9f38-601ef9f4b371,,,,,,,,,,,aed81f1b-b190-4076-9f38-601ef9f4b371,aed81f1b-b190-4076-9f38-601ef9f4b371,,,,,,,,,,,,,,
,,0b19922d-2f3c-49ee-bdba-8798c68f130a,,,,,0b19922d-2f3c-49ee-bdba-8798c68f130a,,,,,,,,,,,0b19922d-2f3c-49ee-bdba-8798c68f130a,,,,,,,,,,,,,,,,,,,,,,,,,0b19922d-2f3c-49ee-bdba-8798c68f130a,,,,,,,,,,,,,,,,,0b19922d-2f3c-49ee-bdba-8798c68f130a,,,,,,,,,,,0b19922d-2f3c-49ee-bdba-8798c68f130a,0b19922d-2f3c-49ee-bdba-8798c68f130a,,,,,,,,,,,,,,
,,,,,,,aed81f1b-b190-4076-9f38-601ef9f4b371,,,,,,,,,,,aed81f1b-b190-4076-9f38-601ef9f4b371,,,,,,,,,,,,,,,,,,,,,,,,,05dcbf4e-92be-49ac-9c9f-e3fb982cbe18,,,,,,,,,,,,,,,,,e04540d3-d537-4d74-bfcb-adfe2778708a,,,,,,,,,,,aed81f1b-b190-4076-9f38-601ef9f4b371,,,,,,,,,,,,,,,
,,05dcbf4e-92be-49ac-9c9f-e3fb982cbe18,,,,,0b19922d-2f3c-49ee-bdba-8798c68f130a,,,,,,,,,,,0b19922d-2f3c-49ee-bdba-8798c68f130a,,,,,,,,,,,,,,,,,,,,,,,,,0b19922d-2f3c-49ee-bdba-8798c68f130a,,,,,,,,,,,,,,,,,0b19922d-2f3c-49ee-bdba-8798c68f130a,,,,,,,,,,,0b19922d-2f3c-49ee-bdba-8798c68f130a,,,,,,,,,,,,,,,
,,,,,,,e04540d3-d537-4d74-bfcb-adfe2778708a,,,,,,,,,,,68b7b548-3aa3-4713-a414-01210cefe820,,,,,,,,,,,,,,,,,,,,,,,,,68b7b548-3aa3-4713-a414-01210cefe820,,,,,,,,,,,,,,,,,aed81f1b-b190-4076-9f38-601ef9f4b371,,,,,,,,,,,68b7b548-3aa3-4713-a414-01210cefe820,,,,,,,,,,,,,,,
,,aed81f1b-b190-4076-9f38-601ef9f4b371,,,,,aed81f1b-b190-4076-9f38-601ef9f4b371,,,,,,,,,,,aed81f1b-b190-4076-9f38-601ef9f4b371,,,,,,,,,,,,,,,,,,,,,,,,,aed81f1b-b190-4076-9f38-601ef9f4b371,,,,,,,,,,,,,,,,,aed81f1b-b190-4076-9f38-601ef9f4b371,,,,,,,,,,,aed81f1b-b190-4076-9f38-601ef9f4b371,,,,,,,,,,,,,,,
,,68b7b548-3aa3-4713-a414-01210cefe820,,,,,68b7b548-3aa3-4713-a414-01210cefe820,,,,,,,,,,,68b7b548-3aa3-4713-a414-01210cefe820,,,,,,,,,,,,,,,,,,,,,,,,,68b7b548-3aa3-4713-a414-01210cefe820,,,,,,,,,,,,,,,,,68b7b548-3aa3-4713-a414-01210cefe820,,,,,,,,,,,68b7b548-3aa3-4713-a414-01210cefe820,,,,,,,,,,,,,,,
,,732fcccb-a657-44bd-ba4a-185e85325b51,,,,,732fcccb-a657-44bd-ba4a-185e85325b51,,,,,,,,,,,732fcccb-a657-44bd-ba4a-185e85325b51,,,,,,,,,,,,,,,,,,,,,,,,,732fcccb-a657-44bd-ba4a-185e85325b51,,,,,,,,,,,,,,,,,732fcccb-a657-44bd-ba4a-185e85325b51,,,,,,,,,,,732fcccb-a657-44bd-ba4a-185e85325b51,,,,,,,,,,,,,,,
,,732fcccb-a657-44bd-ba4a-185e85325b51,,,,,68b7b548-3aa3-4713-a414-01210cefe820,,,,,,,,,,,aed81f1b-b190-4076-9f38-601ef9f4b371,,,,,,,,,,,,,,,,,,,,,,,,,aed81f1b-b190-4076-9f38-601ef9f4b371,,,,,,,,,,,,,,,,,e04540d3-d537-4d74-bfcb-adfe2778708a,,,,,,,,,,aed81f1b-b190-4076-9f38-601ef9f4b371,aed81f1b-b190-4076-9f38-601ef9f4b371,,,,,,,aed81f1b-b190-4076-9f38-601ef9f4b371,,,,,,,,
,,,,,,,68b7b548-3aa3-4713-a414-01210cefe820,,,,,,,,,,,68b7b548-3aa3-4713-a414-01210cefe820,,,,,,,,,,,,,,,,,,,,,,,,,68b7b548-3aa3-4713-a414-01210cefe820,,,,,,,,,,,,,,,,,68b7b548-3aa3-4713-a414-01210cefe820,,,,,,,,,,,68b7b548-3aa3-4713-a414-01210cefe820,,,,,,,,,,,,,,,
,,,,,,,0b19922d-2f3c-49ee-bdba-8798c68f130a,,,,,,,,,,,aed81f1b-b190-4076-9f38-601ef9f4b371,,,,,,,,,,,,,,,,,,,,,,,,,aed81f1b-b190-4076-9f38-601ef9f4b371,,,,,,,,,,,,,,,,,0b19922d-2f3c-49ee-bdba-8798c68f130a,,,,,,,,,,,0b19922d-2f3c-49ee-bdba-8798c68f130a,,,,,,,,,,,,,,,
,,68b7b548-3aa3-4713-a414-01210cefe820,,,,,68b7b548-3aa3-4713-a414-01210cefe820,,,,,,,,,,,68b7b548-3aa3-4713-a414-01210cefe820,,,,,,,,,,,,,,,,,,,,,,,,,68b7b548-3aa3-4713-a414-01210cefe820,,,,,,,,,,,,,,,,,68b7b548-3aa3-4713-a414-01210cefe820,,,,,,,,,,,68b7b548-3aa3-4713-a414-01210cefe820,,,,,,,,,,,,,,,
,,,,,,,732fcccb-a657-44bd-ba4a-185e85325b51,,,,,,,,,,,732fcccb-a657-44bd-ba4a-185e85325b51,,,,,,,,,,,,,,,,,,,,,,,,,732fcccb-a657-44bd-ba4a-185e85325b51,,,,,,,,,,,,,,,,,732fcccb-a657-44bd-ba4a-185e85325b51,,,,,,,,,,,732fcccb-a657-44bd-ba4a-185e85325b51,,,,,,,,,,,,,,,
,,,,,,,aed81f1b-b190-4076-9f38-601ef9f4b371,,,,,,,,,,,aed81f1b-b190-4076-9f38-601ef9f4b371,,,,,,,,,,,,,,,,,,,,,,,,,aed81f1b-b190-4076-9f38-601ef9f4b371,,,,,,,,,,,,,,,,,,,,,,,,,,,,aed81f1b-b190-4076-9f38-601ef9f4b371,,,,,,,aed81f1b-b190-4076-9f38-601ef9f4b371,,,,,,,,
,,,,,,,68b7b548-3aa3-4713-a414-01210cefe820,,,,,,,,,,,68b7b548-3aa3-4713-a414-01210cefe820,,,,,,,,,,,,,,,,,,,,,,68b7b548-3aa3-4713-a414-01210cefe820,,,68b7b548-3aa3-4713-a414-01210cefe820,,68b7b548-3aa3-4713-a414-01210cefe820,,,,,,,,,,,,,,,,,,,,,,,,,,68b7b548-3aa3-4713-a414-01210cefe820,,,,,,,68b7b548-3aa3-4713-a414-01210cefe820,,,,,,,,
,,,,,,,e04540d3-d537-4d74-bfcb-adfe2778708a,,,,,,,,,,,e04540d3-d537-4d74-bfcb-adfe2778708a,,,,,,,,,,,,,,,,,,,,,,,,,e04540d3-d537-4d74-bfcb-adfe2778708a,,,,,,,,,,,,,,,,,e04540d3-d537-4d74-bfcb-adfe2778708a,,,,,,,,,,,e04540d3-d537-4d74-bfcb-adfe2778708a,,,,,,,,,,,,,,,
,,732fcccb-a657-44bd-ba4a-185e85325b51,,,,,732fcccb-a657-44bd-ba4a-185e85325b51,,,,,,,,,,,e04540d3-d537-4d74-bfcb-adfe2778708a,,,,,,,,,,,,,,,,,,,,,,,,,732fcccb-a657-44bd-ba4a-185e85325b51,,,,,,,,,,,,,,,,,e04540d3-d537-4d74-bfcb-adfe2778708a,,,,,,,,,,aed81f1b-b190-4076-9f38-601ef9f4b371,732fcccb-a657-44bd-ba4a-185e85325b51,,,,,,,,,,,,,,,
,,0b19922d-2f3c-49ee-bdba-8798c68f130a,,,,,0b19922d-2f3c-49ee-bdba-8798c68f130a,,,,,,,,,,,0b19922d-2f3c-49ee-bdba-8798c68f130a,,,,,,,,,,,,,,,,,,,,,,,,,0b19922d-2f3c-49ee-bdba-8798c68f130a,,,,,,,,,,,,,,,,,,,,,,,,,,,,0b19922d-2f3c-49ee-bdba-8798c68f130a,,,,,,,0b19922d-2f3c-49ee-bdba-8798c68f130a,,,,,,,,
,,,,,,,e04540d3-d537-4d74-bfcb-adfe2778708a,,,,,,,,,,,e04540d3-d537-4d74-bfcb-adfe2778708a,,,,,,,,,,,,,,,,,,,,,,,,,aed81f1b-b190-4076-9f38-601ef9f4b371,,,,,,,,,,,,,,,,,,,,,,,,,,,,732fcccb-a657-44bd-ba4a-185e85325b51,,,,,,,732fcccb-a657-44bd-ba4a-185e85325b51,,,,,,,,
,,,,,,,68b7b548-3aa3-4713-a414-01210cefe820,,,,,,,,,,,aed81f1b-b190-4076-9f38-601ef9f4b371,,,,,,,,,,,,,,,,,,,,,,,,,732fcccb-a657-44bd-ba4a-185e85325b51,,,,,,,,,,,,,,,,,,,,,,,,,,,,732fcccb-a657-44bd-ba4a-185e85325b51,,,,,,,732fcccb-a657-44bd-ba4a-185e85325b51,,,,,,,,
,,,,,,,e04540d3-d537-4d74-bfcb-adfe2778708a,,,,,,,,,,,e04540d3-d537-4d74-bfcb-adfe2778708a,,,,,,,,,,,,,,,,,,,,,,,,,e04540d3-d537-4d74-bfcb-adfe2778708a,,,,,,,,,,,,,,,,,05dcbf4e-92be-49ac-9c9f-e3fb982cbe18,,,,,,,,,,,05dcbf4e-92be-49ac-9c9f-e3fb982cbe18,,,,,,,,,,,,,,,
,,,,,,,aed81f1b-b190-4076-9f38-601ef9f4b371,,,,,,,,,,,aed81f1b-b190-4076-9f38-601ef9f4b371,,,,,,,,,,,,,,,,,,,,,,,,,,,,,,,,,,,,,,,,,,,,,,,,,,,,,aed81f1b-b190-4076-9f38-601ef9f4b371,,,,,,,aed81f1b-b190-4076-9f38-601ef9f4b371,,,,,,,,
,,05dcbf4e-92be-49ac-9c9f-e3fb982cbe18,,,,,05dcbf4e-92be-49ac-9c9f-e3fb982cbe18,,,,,,,,,,,05dcbf4e-92be-49ac-9c9f-e3fb982cbe18,,,,,,,,,,,,,,,,,,,,,,,,,05dcbf4e-92be-49ac-9c9f-e3fb982cbe18,,,,,,,,,,,,,,,,,05dcbf4e-92be-49ac-9c9f-e3fb982cbe18,,,,,,,,,,,05dcbf4e-92be-49ac-9c9f-e3fb982cbe18,,732fcccb-a657-44bd-ba4a-185e85325b51,,,,,05dcbf4e-92be-49ac-9c9f-e3fb982cbe18,,,,,,,,
,,e04540d3-d537-4d74-bfcb-adfe2778708a,,,,,e04540d3-d537-4d74-bfcb-adfe2778708a,,,,,,,,,,,e04540d3-d537-4d74-bfcb-adfe2778708a,,,,,,,,,,,,,,,,,,,,,,,,,,,,,,,,,,,,,,,,,,e04540d3-d537-4d74-bfcb-adfe2778708a,,,,,,,,,,,e04540d3-d537-4d74-bfcb-adfe2778708a,,,,,,,,,,,,,,,
,,,,,,,,,,,,,,,,,,,,,,,732fcccb-a657-44bd-ba4a-185e85325b51,,,,,,,,,,,,,,,,,,,,,,68b7b548-3aa3-4713-a414-01210cefe820,,,,,,,,,,,,,,,,732fcccb-a657-44bd-ba4a-185e85325b51,,,,,,,,,,,,,,,,,732fcccb-a657-44bd-ba4a-185e85325b51,,,,,,,,
,,,,,,,0b19922d-2f3c-49ee-bdba-8798c68f130a,,,,,,,,,,,0b19922d-2f3c-49ee-bdba-8798c68f130a,,,,,,,,,,,,,,,,,,,,,,,,,0b19922d-2f3c-49ee-bdba-8798c68f130a,,,,,,,,,,,,,,,,,0b19922d-2f3c-49ee-bdba-8798c68f130a,,,,,,,,,,,0b19922d-2f3c-49ee-bdba-8798c68f130a,,,,,,0b19922d-2f3c-49ee-bdba-8798c68f130a,,,,0b19922d-2f3c-49ee-bdba-8798c68f130a,,,,,
,,732fcccb-a657-44bd-ba4a-185e85325b51,,,,,732fcccb-a657-44bd-ba4a-185e85325b51,,,,,,,,,,,aed81f1b-b190-4076-9f38-601ef9f4b371,,,,,,,,,,,,,,,,,,,,,,,,,,,,,,,,,,,,,,,,,,732fcccb-a657-44bd-ba4a-185e85325b51,,,,,,,,,,,aed81f1b-b190-4076-9f38-601ef9f4b371,,,,,,,,,,,,,,,
,,05dcbf4e-92be-49ac-9c9f-e3fb982cbe18,,,,,aed81f1b-b190-4076-9f38-601ef9f4b371,,,,,,,,,,,e04540d3-d537-4d74-bfcb-adfe2778708a,,,,,,,,,,,,,,,,,,,,,,,,,,,,,,,,,,,,,,,,,,e04540d3-d537-4d74-bfcb-adfe2778708a,,,,,,,,,,,aed81f1b-b190-4076-9f38-601ef9f4b371,,,,,,,,,,,,,,,
,,732fcccb-a657-44bd-ba4a-185e85325b51,,,,,732fcccb-a657-44bd-ba4a-185e85325b51,,,,,,,,,,,732fcccb-a657-44bd-ba4a-185e85325b51,,,,,,,,,,,,,,,,,,,,,,,,,,,,,,,,,,,,,,,,,,732fcccb-a657-44bd-ba4a-185e85325b51,,,,,,,,,,,732fcccb-a657-44bd-ba4a-185e85325b51,,,,,,,,,,,,,,,
,,e04540d3-d537-4d74-bfcb-adfe2778708a,,,,,aed81f1b-b190-4076-9f38-601ef9f4b371,,,,,,,,,,,aed81f1b-b190-4076-9f38-601ef9f4b371,,,,,,,,,,,,,,,,,,,,,,,,,,,,,,,,,,,,,,,,,,aed81f1b-b190-4076-9f38-601ef9f4b371,,,,,,,,,,,aed81f1b-b190-4076-9f38-601ef9f4b371,,,,,,,,,,,,,,,
,,,,,,,e04540d3-d537-4d74-bfcb-adfe2778708a,,,,,,,,,,,,,,,,,,,,,,,{'com': 'e04540d3-d537-4d74-bfcb-adfe2778708a'},,,,,,,,,,,,,,,,,,,,,,,,,,,,,,,,,,,732fcccb-a657-44bd-ba4a-185e85325b51,,,,,,e04540d3-d537-4d74-bfcb-adfe2778708a,,,,,,,e04540d3-d537-4d74-bfcb-adfe2778708a,,,,,,,,
,,,,,,,,,,,,,,,,,,e04540d3-d537-4d74-bfcb-adfe2778708a,e04540d3-d537-4d74-bfcb-adfe2778708a,,,,,,,,,,,,,,,,,,,,,,,,,,,,,,,,,,,,,,,,,,,,aed81f1b-b190-4076-9f38-601ef9f4b371,,,,,,,,,,,,,,,e04540d3-d537-4d74-bfcb-adfe2778708a,,,,,,,,
,,732fcccb-a657-44bd-ba4a-185e85325b51,,,,,732fcccb-a657-44bd-ba4a-185e85325b51,,,,,,,,,,,732fcccb-a657-44bd-ba4a-185e85325b51,,,,,,,,,,,,,,,,,,,,,,,,,,,,,,,,,,,,,,,,,,732fcccb-a657-44bd-ba4a-185e85325b51,,,,,,,,,,,732fcccb-a657-44bd-ba4a-185e85325b51,,,,,,,,,,,,,,,
,,,,,,,732fcccb-a657-44bd-ba4a-185e85325b51,,,,,,,,,,,,,,732fcccb-a657-44bd-ba4a-185e85325b51,,,,,,,,,,,,,,,,,,,,,,,,,,,,,732fcccb-a657-44bd-ba4a-185e85325b51,,,,,,,,,,732fcccb-a657-44bd-ba4a-185e85325b51,e04540d3-d537-4d74-bfcb-adfe2778708a,,,,,,,,,,,,,,,,,732fcccb-a657-44bd-ba4a-185e85325b51,,,,,,732fcccb-a657-44bd-ba4a-185e85325b51,,
,,,,,,,,,,,,,,,,,,e04540d3-d537-4d74-bfcb-adfe2778708a,,,,,,,,,,,,,,,,,,,,,,,,,,,,e04540d3-d537-4d74-bfcb-adfe2778708a,,,,,,,,,,,,,,,,,,,,,,aed81f1b-b190-4076-9f38-601ef9f4b371,,,aed81f1b-b190-4076-9f38-601ef9f4b371,,,,,,,aed81f1b-b190-4076-9f38-601ef9f4b371,,,,,,,,e04540d3-d537-4d74-bfcb-adfe2778708a
,,732fcccb-a657-44bd-ba4a-185e85325b51,,,,,732fcccb-a657-44bd-ba4a-185e85325b51,,,,,,,,,,,,,,,,,,,,,,,,,,,,,,,,,732fcccb-a657-44bd-ba4a-185e85325b51,,,,e04540d3-d537-4d74-bfcb-adfe2778708a,,,,,,,,,,,,,,,,,,,,,,,,,,,732fcccb-a657-44bd-ba4a-185e85325b51,,,,,,,732fcccb-a657-44bd-ba4a-185e85325b51,732fcccb-a657-44bd-ba4a-185e85325b51,,,,,,,
,,,,,,,05dcbf4e-92be-49ac-9c9f-e3fb982cbe18,,,,,,,,,,732fcccb-a657-44bd-ba4a-185e85325b51,,,,,,,,,,,e04540d3-d537-4d74-bfcb-adfe2778708a,,,,,,,,,,,,05dcbf4e-92be-49ac-9c9f-e3fb982cbe18,,,,05dcbf4e-92be-49ac-9c9f-e3fb982cbe18,,,,,,,,,,,,,,,,,,,,,,,aed81f1b-b190-4076-9f38-601ef9f4b371,,,,05dcbf4e-92be-49ac-9c9f-e3fb982cbe18,,,,,,,05dcbf4e-92be-49ac-9c9f-e3fb982cbe18,05dcbf4e-92be-49ac-9c9f-e3fb982cbe18,,,,,,,
,,05dcbf4e-92be-49ac-9c9f-e3fb982cbe18,,,,,05dcbf4e-92be-49ac-9c9f-e3fb982cbe18,,,,,,,,,,,,,,,,,,,,,,,,,,,,,,,,,05dcbf4e-92be-49ac-9c9f-e3fb982cbe18,,,,05dcbf4e-92be-49ac-9c9f-e3fb982cbe18,,,,,,,,,,,,,,,,,,,68b7b548-3aa3-4713-a414-01210cefe820,,,,,,,,05dcbf4e-92be-49ac-9c9f-e3fb982cbe18,,,,,,,0b19922d-2f3c-49ee-bdba-8798c68f130a,05dcbf4e-92be-49ac-9c9f-e3fb982cbe18,,,,,,,
,,05dcbf4e-92be-49ac-9c9f-e3fb982cbe18,,,,,05dcbf4e-92be-49ac-9c9f-e3fb982cbe18,,,,,,,,,,,,,,,,,,,,,,,,,,,,,,,,,05dcbf4e-92be-49ac-9c9f-e3fb982cbe18,,,,0b19922d-2f3c-49ee-bdba-8798c68f130a,,,,,,,,,,,,,,,,,,,,,,,,,,,05dcbf4e-92be-49ac-9c9f-e3fb982cbe18,,,,,,,05dcbf4e-92be-49ac-9c9f-e3fb982cbe18,05dcbf4e-92be-49ac-9c9f-e3fb982cbe18,,,,,,,
,,aed81f1b-b190-4076-9f38-601ef9f4b371,,,aed81f1b-b190-4076-9f38-601ef9f4b371,,aed81f1b-b190-4076-9f38-601ef9f4b371,,,,,aed81f1b-b190-4076-9f38-601ef9f4b371,,,,,,,,,,,,,,,,,,,,,,,,,,,,aed81f1b-b190-4076-9f38-601ef9f4b371,,,,aed81f1b-b190-4076-9f38-601ef9f4b371,,,,,,,,,,,,,,,,,,,,,,,,,,,aed81f1b-b190-4076-9f38-601ef9f4b371,,,,,,,aed81f1b-b190-4076-9f38-601ef9f4b371,aed81f1b-b190-4076-9f38-601ef9f4b371,,,,,,,
,,0b19922d-2f3c-49ee-bdba-8798c68f130a,,,,,0b19922d-2f3c-49ee-bdba-8798c68f130a,,,,,,,,,,,,0b19922d-2f3c-49ee-bdba-8798c68f130a,,,,,,,,,,,,,,,,,,,,,0b19922d-2f3c-49ee-bdba-8798c68f130a,,,,0b19922d-2f3c-49ee-bdba-8798c68f130a,,,,,,,,,,,,,,,,,,,,,,,,,,,0b19922d-2f3c-49ee-bdba-8798c68f130a,,,,,,,0b19922d-2f3c-49ee-bdba-8798c68f130a,0b19922d-2f3c-49ee-bdba-8798c68f130a,,,,,,,
,,732fcccb-a657-44bd-ba4a-185e85325b51,,05dcbf4e-92be-49ac-9c9f-e3fb982cbe18,732fcccb-a657-44bd-ba4a-185e85325b51,,732fcccb-a657-44bd-ba4a-185e85325b51,,,,,e04540d3-d537-4d74-bfcb-adfe2778708a,,,,,,,,,,,,,,,,,,,,,,,,,,,,732fcccb-a657-44bd-ba4a-185e85325b51,,,,732fcccb-a657-44bd-ba4a-185e85325b51,,,,,,,,,,,,,,,,,,,,,,,,732fcccb-a657-44bd-ba4a-185e85325b51,,,732fcccb-a657-44bd-ba4a-185e85325b51,,,,,,,732fcccb-a657-44bd-ba4a-185e85325b51,e04540d3-d537-4d74-bfcb-adfe2778708a,,,,,,,
,,732fcccb-a657-44bd-ba4a-185e85325b51,,,,,732fcccb-a657-44bd-ba4a-185e85325b51,,,,,,,,,,,,,,,,,,,,,,732fcccb-a657-44bd-ba4a-185e85325b51,,,,,,,,,,,732fcccb-a657-44bd-ba4a-185e85325b51,,,,,,,,,,,,,,,,,,,,,,,,,,,,,,,732fcccb-a657-44bd-ba4a-185e85325b51,,,,,,,732fcccb-a657-44bd-ba4a-185e85325b51,732fcccb-a657-44bd-ba4a-185e85325b51,,,,,,,
,,68b7b548-3aa3-4713-a414-01210cefe820,,,68b7b548-3aa3-4713-a414-01210cefe820,,68b7b548-3aa3-4713-a414-01210cefe820,,,,,68b7b548-3aa3-4713-a414-01210cefe820,,,,,,,,,,,,,,,,,,,,,,,,,,,,68b7b548-3aa3-4713-a414-01210cefe820,,,,68b7b548-3aa3-4713-a414-01210cefe820,,,,,,,,,,,,,,,,,,,,,,,,,,,68b7b548-3aa3-4713-a414-01210cefe820,,,,,,,68b7b548-3aa3-4713-a414-01210cefe820,68b7b548-3aa3-4713-a414-01210cefe820,,,,,,,
,,e04540d3-d537-4d74-bfcb-adfe2778708a,,,,,e04540d3-d537-4d74-bfcb-adfe2778708a,,,,,,,,,,,,,,,,,,,,,,,,,,,,,,,,,0b19922d-2f3c-49ee-bdba-8798c68f130a,,,,,,,,,,,,,,,,,,,,,,,,,,,,,,,e04540d3-d537-4d74-bfcb-adfe2778708a,,,,,,,aed81f1b-b190-4076-9f38-601ef9f4b371,e04540d3-d537-4d74-bfcb-adfe2778708a,,,,,,,
,,,,,,,05dcbf4e-92be-49ac-9c9f-e3fb982cbe18,,,,,,,,,,,,,,,,,,,,,,,,,,,,,,,,,05dcbf4e-92be-49ac-9c9f-e3fb982cbe18,,,,05dcbf4e-92be-49ac-9c9f-e3fb982cbe18,,,,,,,,,,,,,,,,,,,,,,,,,,,05dcbf4e-92be-49ac-9c9f-e3fb982cbe18,,,,,,,05dcbf4e-92be-49ac-9c9f-e3fb982cbe18,05dcbf4e-92be-49ac-9c9f-e3fb982cbe18,,,,,,,
,,732fcccb-a657-44bd-ba4a-185e85325b51,,,aed81f1b-b190-4076-9f38-601ef9f4b371,,aed81f1b-b190-4076-9f38-601ef9f4b371,,,,,68b7b548-3aa3-4713-a414-01210cefe820,,,,,,,,,,,,,,,,,,,,,,,,,,,,e04540d3-d537-4d74-bfcb-adfe2778708a,,,,e04540d3-d537-4d74-bfcb-adfe2778708a,,,,,,,,,,,,,,,,,,,,,,,,,,,aed81f1b-b190-4076-9f38-601ef9f4b371,,,,,,,aed81f1b-b190-4076-9f38-601ef9f4b371,aed81f1b-b190-4076-9f38-601ef9f4b371,,,,,,,
,,,,,,,05dcbf4e-92be-49ac-9c9f-e3fb982cbe18,,,,,,,,,,,,,,,,,,,,,,,,,,,,,,732fcccb-a657-44bd-ba4a-185e85325b51,,,aed81f1b-b190-4076-9f38-601ef9f4b371,,,,,,,,,,,,,,,,,,,,05dcbf4e-92be-49ac-9c9f-e3fb982cbe18,,,,,,,,,,,05dcbf4e-92be-49ac-9c9f-e3fb982cbe18,,,,,,,05dcbf4e-92be-49ac-9c9f-e3fb982cbe18,aed81f1b-b190-4076-9f38-601ef9f4b371,,,,,,,
,,0b19922d-2f3c-49ee-bdba-8798c68f130a,,,,,0b19922d-2f3c-49ee-bdba-8798c68f130a,,,,,,,,,,,,,,,,,,,,,,,,,,,,,,,,,0b19922d-2f3c-49ee-bdba-8798c68f130a,,,,,,,,,,,,,,,,,,,,0b19922d-2f3c-49ee-bdba-8798c68f130a,,,,,,,,,,,0b19922d-2f3c-49ee-bdba-8798c68f130a,,,,,,,,,,,,,,,
,,,,,,,68b7b548-3aa3-4713-a414-01210cefe820,,,,,,,,,,,,,,,,,,,,,,,,,,,68b7b548-3aa3-4713-a414-01210cefe820,,,,,,68b7b548-3aa3-4713-a414-01210cefe820,,,,,,,,,,,,,,,,,,,,68b7b548-3aa3-4713-a414-01210cefe820,,,,,,,,,,,68b7b548-3aa3-4713-a414-01210cefe820,,,,,,,68b7b548-3aa3-4713-a414-01210cefe820,68b7b548-3aa3-4713-a414-01210cefe820,,,,,,,
,,,,,,,e04540d3-d537-4d74-bfcb-adfe2778708a,,,,,,,,,,,e04540d3-d537-4d74-bfcb-adfe2778708a,,,,,,,,,,,,,,,,,,,,,,,,,e04540d3-d537-4d74-bfcb-adfe2778708a,,,,,,,,,,,,,,,,,e04540d3-d537-4d74-bfcb-adfe2778708a,,,,,,,,,,,e04540d3-d537-4d74-bfcb-adfe2778708a,,,,,,,e04540d3-d537-4d74-bfcb-adfe2778708a,,,,,,,,
,,732fcccb-a657-44bd-ba4a-185e85325b51,,,,,732fcccb-a657-44bd-ba4a-185e85325b51,,,,,,,,,,,,,,,,,,,,,,,,,,,,,,,,,732fcccb-a657-44bd-ba4a-185e85325b51,,,,,,,,,,,,,,,,,,,,,,,,,,,,,,,732fcccb-a657-44bd-ba4a-185e85325b51,,,,,,,732fcccb-a657-44bd-ba4a-185e85325b51,732fcccb-a657-44bd-ba4a-185e85325b51,,,,,,,
,,aed81f1b-b190-4076-9f38-601ef9f4b371,,,,,05dcbf4e-92be-49ac-9c9f-e3fb982cbe18,,,,,,,,,,,,,,,,,,,,,,,,,,,,,,,,,05dcbf4e-92be-49ac-9c9f-e3fb982cbe18,,,,,,,,,,,,,,,,,,,,,,,,,,,,,,,05dcbf4e-92be-49ac-9c9f-e3fb982cbe18,,,,,,,05dcbf4e-92be-49ac-9c9f-e3fb982cbe18,e04540d3-d537-4d74-bfcb-adfe2778708a,,,,,,,
,,,,,,,732fcccb-a657-44bd-ba4a-185e85325b51,,,,,,,,,,,,,,,,,,,,,,,,,,,,,,,,,732fcccb-a657-44bd-ba4a-185e85325b51,,,,,,,,,,,,,,,,,,,,732fcccb-a657-44bd-ba4a-185e85325b51,,,,,,,,,,,732fcccb-a657-44bd-ba4a-185e85325b51,,,,,,,732fcccb-a657-44bd-ba4a-185e85325b51,732fcccb-a657-44bd-ba4a-185e85325b51,,,,,,,
,,e04540d3-d537-4d74-bfcb-adfe2778708a,,,,,e04540d3-d537-4d74-bfcb-adfe2778708a,,,,,,,,,,,,,,,,,,,,,,,,,,,,,,,,,e04540d3-d537-4d74-bfcb-adfe2778708a,,,,,,,,,,,,,,,,,,,,e04540d3-d537-4d74-bfcb-adfe2778708a,,,,,,,,,,,e04540d3-d537-4d74-bfcb-adfe2778708a,,,,,,,e04540d3-d537-4d74-bfcb-adfe2778708a,,,,,,,,
,,68b7b548-3aa3-4713-a414-01210cefe820,,,,,68b7b548-3aa3-4713-a414-01210cefe820,,,,,,,,,,,,,,,,,,,,,,,,,,,,,,,aed81f1b-b190-4076-9f38-601ef9f4b371,,68b7b548-3aa3-4713-a414-01210cefe820,,,,,,,,,,,,,,,,,,,,68b7b548-3aa3-4713-a414-01210cefe820,,,,,,,,,,,68b7b548-3aa3-4713-a414-01210cefe820,,,,,,,,,,,,,,,
,,,,,,,aed81f1b-b190-4076-9f38-601ef9f4b371,,,,,,,,,,,,,,,,,,,,,,,,,,,,,,,,,0b19922d-2f3c-49ee-bdba-8798c68f130a,,,,,,,,,,,,,,,,,,,,aed81f1b-b190-4076-9f38-601ef9f4b371,,,,,,,,,,,aed81f1b-b190-4076-9f38-601ef9f4b371,,,,,,,aed81f1b-b190-4076-9f38-601ef9f4b371,05dcbf4e-92be-49ac-9c9f-e3fb982cbe18,,,,,,,
,,0b19922d-2f3c-49ee-bdba-8798c68f130a,,,,,0b19922d-2f3c-49ee-bdba-8798c68f130a,,,,,,,,,,,,,,,,,,,,,,,,,,,,,,,,,0b19922d-2f3c-49ee-bdba-8798c68f130a,,,,,,,,,,,,,,,,,,,,0b19922d-2f3c-49ee-bdba-8798c68f130a,,,,,,,,,,,68b7b548-3aa3-4713-a414-01210cefe820,,,,,,,,,,,,,,,
,732fcccb-a657-44bd-ba4a-185e85325b51,,,,,,,,,,,,,,,,732fcccb-a657-44bd-ba4a-185e85325b51,,,,,,,,,,,,,,,,,,,,,,,732fcccb-a657-44bd-ba4a-185e85325b51,,,,,,,,,,,,,,,,732fcccb-a657-44bd-ba4a-185e85325b51,,,,732fcccb-a657-44bd-ba4a-185e85325b51,,,,,,,,,,,732fcccb-a657-44bd-ba4a-185e85325b51,732fcccb-a657-44bd-ba4a-185e85325b51,,,,,,,,,,,,,,
,,,,,,,,,,,,,,,,,,,,,,,,,,,,,,,,,,,,,,,,aed81f1b-b190-4076-9f38-601ef9f4b371,,,,,,,,,,,,,,,0b19922d-2f3c-49ee-bdba-8798c68f130a,aed81f1b-b190-4076-9f38-601ef9f4b371,,,,732fcccb-a657-44bd-ba4a-185e85325b51,,,,,,,,,,,aed81f1b-b190-4076-9f38-601ef9f4b371,,,,,,,aed81f1b-b190-4076-9f38-601ef9f4b371,,,,,,,,
,,,,,,,,,,,,,,,,,,05dcbf4e-92be-49ac-9c9f-e3fb982cbe18,,,,,,,,,,,,{'com': '05dcbf4e-92be-49ac-9c9f-e3fb982cbe18'},,,,,,,,,,e04540d3-d537-4d74-bfcb-adfe2778708a,,,,,,,,,,05dcbf4e-92be-49ac-9c9f-e3fb982cbe18,,,,,,05dcbf4e-92be-49ac-9c9f-e3fb982cbe18,,,,05dcbf4e-92be-49ac-9c9f-e3fb982cbe18,,,,,,,,,,,05dcbf4e-92be-49ac-9c9f-e3fb982cbe18,,,,,,,05dcbf4e-92be-49ac-9c9f-e3fb982cbe18,,,,,,05dcbf4e-92be-49ac-9c9f-e3fb982cbe18,,
,732fcccb-a657-44bd-ba4a-185e85325b51,,,,,,,,,,,,,,,,,aed81f1b-b190-4076-9f38-601ef9f4b371,,,,,,,,,,,,,,,,,,,,,,aed81f1b-b190-4076-9f38-601ef9f4b371,,,,,,,,,,,,,,,,05dcbf4e-92be-49ac-9c9f-e3fb982cbe18,,,,aed81f1b-b190-4076-9f38-601ef9f4b371,,,,,,,,,,,aed81f1b-b190-4076-9f38-601ef9f4b371,,,,,,,,,,,,,,,
,0b19922d-2f3c-49ee-bdba-8798c68f130a,,,,,,,,,,,,,,,,,,,,,,,,,,,,,,,,,,,,,,,0b19922d-2f3c-49ee-bdba-8798c68f130a,,,,,,,,,,,,,,,,0b19922d-2f3c-49ee-bdba-8798c68f130a,,,,0b19922d-2f3c-49ee-bdba-8798c68f130a,,,,,,,,,,,0b19922d-2f3c-49ee-bdba-8798c68f130a,0b19922d-2f3c-49ee-bdba-8798c68f130a,,,,,,0b19922d-2f3c-49ee-bdba-8798c68f130a,,,,,,,,
,,,,,,,,,,,,,,,,,,,,,,,,,,,,,,,,,,,,,,,,05dcbf4e-92be-49ac-9c9f-e3fb982cbe18,,,,,,,,,,,,,,,,0b19922d-2f3c-49ee-bdba-8798c68f130a,,,,0b19922d-2f3c-49ee-bdba-8798c68f130a,,,,,,,,,,,0b19922d-2f3c-49ee-bdba-8798c68f130a,,,,,,,0b19922d-2f3c-49ee-bdba-8798c68f130a,,,,,,,,
,,,,,,,,,,,,,,,,,,,,,,,,,,,,,,,,,,,,,,,,0b19922d-2f3c-49ee-bdba-8798c68f130a,,,,,,,,,,,,,,,,0b19922d-2f3c-49ee-bdba-8798c68f130a,,,,0b19922d-2f3c-49ee-bdba-8798c68f130a,,,,,,,,,,,0b19922d-2f3c-49ee-bdba-8798c68f130a,,,,,,,aed81f1b-b190-4076-9f38-601ef9f4b371,,,,,,,,
,68b7b548-3aa3-4713-a414-01210cefe820,,,,,,,,,,,,,,,,,,,,,,,,,,,,,,,,,,,,,,,68b7b548-3aa3-4713-a414-01210cefe820,,,,,,,,,,,,,,,,68b7b548-3aa3-4713-a414-01210cefe820,,,,68b7b548-3aa3-4713-a414-01210cefe820,,,,,,,,,,,68b7b548-3aa3-4713-a414-01210cefe820,,,,,,,,,,,,,,,
,,,,,0b19922d-2f3c-49ee-bdba-8798c68f130a,,,,,,,,,,,,,0b19922d-2f3c-49ee-bdba-8798c68f130a,732fcccb-a657-44bd-ba4a-185e85325b51,,,,,,,,,,,,,,,,,,,,,,,,,,,,,,,,,,,,,,732fcccb-a657-44bd-ba4a-185e85325b51,,,0b19922d-2f3c-49ee-bdba-8798c68f130a,,,,,,,,,,,0b19922d-2f3c-49ee-bdba-8798c68f130a,,,,,,,0b19922d-2f3c-49ee-bdba-8798c68f130a,,,,,,,,
,,,,,,,,,,,,,,,,,,68b7b548-3aa3-4713-a414-01210cefe820,,,,,,,,,,,,,,,,,,,,,,68b7b548-3aa3-4713-a414-01210cefe820,,,,,,,,,,,,,,,,68b7b548-3aa3-4713-a414-01210cefe820,,,,,,,,,,,,,,,05dcbf4e-92be-49ac-9c9f-e3fb982cbe18,68b7b548-3aa3-4713-a414-01210cefe820,,,,,,68b7b548-3aa3-4713-a414-01210cefe820,,,,,,,,
,0b19922d-2f3c-49ee-bdba-8798c68f130a,,,,,,,,,,,,,,,,,05dcbf4e-92be-49ac-9c9f-e3fb982cbe18,,,,,,,,,,,,,,,,,,,,,,05dcbf4e-92be-49ac-9c9f-e3fb982cbe18,,,,,,,,,,,,,,,,0b19922d-2f3c-49ee-bdba-8798c68f130a,,,,0b19922d-2f3c-49ee-bdba-8798c68f130a,,,,,,,,,,,05dcbf4e-92be-49ac-9c9f-e3fb982cbe18,05dcbf4e-92be-49ac-9c9f-e3fb982cbe18,,,,,,,,,,,,,,
,,,,,,,,,,,,,,,,,,0b19922d-2f3c-49ee-bdba-8798c68f130a,,,,,,,,,,,,,,,,,,,,,,0b19922d-2f3c-49ee-bdba-8798c68f130a,,,,,,,,,,,,0b19922d-2f3c-49ee-bdba-8798c68f130a,,,,0b19922d-2f3c-49ee-bdba-8798c68f130a,,,,,,,,,,,,,,,0b19922d-2f3c-49ee-bdba-8798c68f130a,,,,,,,0b19922d-2f3c-49ee-bdba-8798c68f130a,,,,,,,,
,732fcccb-a657-44bd-ba4a-185e85325b51,,,,,,,,,,,,,,,,,732fcccb-a657-44bd-ba4a-185e85325b51,,,,,,,,,,,,,,,,,,,,,,732fcccb-a657-44bd-ba4a-185e85325b51,,,,,,,,,,,,,,,,732fcccb-a657-44bd-ba4a-185e85325b51,,,,732fcccb-a657-44bd-ba4a-185e85325b51,,,,,,,,,,,732fcccb-a657-44bd-ba4a-185e85325b51,,,,,,,,,,,,,,,
,0b19922d-2f3c-49ee-bdba-8798c68f130a,,,,,,,,,,,,,,,,,,,,,,,,,,,,,,,,,,,,,,,aed81f1b-b190-4076-9f38-601ef9f4b371,,,,,,,,,,,,,,,,aed81f1b-b190-4076-9f38-601ef9f4b371,,,,aed81f1b-b190-4076-9f38-601ef9f4b371,,,,,,,,,,,aed81f1b-b190-4076-9f38-601ef9f4b371,,,,,,,,,,,,,,,
,,,,,,,,,,,,,,,,,,,,,,,,,,,,,,,,,,,,,,,,e04540d3-d537-4d74-bfcb-adfe2778708a,,,,,,,,,,,,,,,,aed81f1b-b190-4076-9f38-601ef9f4b371,,,,aed81f1b-b190-4076-9f38-601ef9f4b371,,,,,,,,,,,aed81f1b-b190-4076-9f38-601ef9f4b371,,,,,,,aed81f1b-b190-4076-9f38-601ef9f4b371,,,,,,,,
,,,,,732fcccb-a657-44bd-ba4a-185e85325b51,,,,,,,,,,,,,732fcccb-a657-44bd-ba4a-185e85325b51,,,,,,,,,,,,,,,,,,,,,,,,,,,,,,,,,,,,,,,,,,732fcccb-a657-44bd-ba4a-185e85325b51,,,,,,,,,,,732fcccb-a657-44bd-ba4a-185e85325b51,732fcccb-a657-44bd-ba4a-185e85325b51,,,,,,732fcccb-a657-44bd-ba4a-185e85325b51,,,,,,,,
,,,,,,,,,,,,,,0b19922d-2f3c-49ee-bdba-8798c68f130a,,,,0b19922d-2f3c-49ee-bdba-8798c68f130a,,,,,,,,,,,,,,,,,,,,,,0b19922d-2f3c-49ee-bdba-8798c68f130a,,,,,,,,,,,,,,,,,,,,0b19922d-2f3c-49ee-bdba-8798c68f130a,,,,,,,,,,,0b19922d-2f3c-49ee-bdba-8798c68f130a,,,,,,,0b19922d-2f3c-49ee-bdba-8798c68f130a,,,,,,,,
,,,,,05dcbf4e-92be-49ac-9c9f-e3fb982cbe18,,,,,,,,,,,,,05dcbf4e-92be-49ac-9c9f-e3fb982cbe18,,,,,,,,,,,,,,,,,,,,,,,,,,,,,,,,,,,,,,,0b19922d-2f3c-49ee-bdba-8798c68f130a,,,05dcbf4e-92be-49ac-9c9f-e3fb982cbe18,,,,,,,,,,,05dcbf4e-92be-49ac-9c9f-e3fb982cbe18,,,,,,,05dcbf4e-92be-49ac-9c9f-e3fb982cbe18,,,,,,,,
,0b19922d-2f3c-49ee-bdba-8798c68f130a,,,,,,,,,,,,,,,,,0b19922d-2f3c-49ee-bdba-8798c68f130a,,,,,,,,,,,,,,,,,,,,,,0b19922d-2f3c-49ee-bdba-8798c68f130a,,,,,,,,,,,,,,,,0b19922d-2f3c-49ee-bdba-8798c68f130a,,,,0b19922d-2f3c-49ee-bdba-8798c68f130a,,,,,,,,,,,0b19922d-2f3c-49ee-bdba-8798c68f130a,,,,,,,,,,,,,,,
,,,,,aed81f1b-b190-4076-9f38-601ef9f4b371,,,,,,,,,,,,,aed81f1b-b190-4076-9f38-601ef9f4b371,,,,,,,,,,,,,,,,,,,,,,,,,,,,,,,,,,,,,,,,,,aed81f1b-b190-4076-9f38-601ef9f4b371,,,,,,,,,,,aed81f1b-b190-4076-9f38-601ef9f4b371,,,,,,,aed81f1b-b190-4076-9f38-601ef9f4b371,,,,,,,,
,,,,,,,,,,,,,,,,,,aed81f1b-b190-4076-9f38-601ef9f4b371,,,,,,,,,,,,,,,,,,,,,,aed81f1b-b190-4076-9f38-601ef9f4b371,,,,,,,,,,,,,,,,,,,,732fcccb-a657-44bd-ba4a-185e85325b51,,,,,,,,,,,aed81f1b-b190-4076-9f38-601ef9f4b371,732fcccb-a657-44bd-ba4a-185e85325b51,,,,,,aed81f1b-b190-4076-9f38-601ef9f4b371,,,,,,,,
,,,,,,,,,,,,,,,,,,732fcccb-a657-44bd-ba4a-185e85325b51,,,,,05dcbf4e-92be-49ac-9c9f-e3fb982cbe18,,,,,,,,,,,,,,,,,,,,,,,,,,,,,,,,,732fcccb-a657-44bd-ba4a-185e85325b51,,,,732fcccb-a657-44bd-ba4a-185e85325b51,,,,,,,,,,,,,,,,,,732fcccb-a657-44bd-ba4a-185e85325b51,,,,,,732fcccb-a657-44bd-ba4a-185e85325b51,,
,,,,,,,,,,,,,,,,,,aed81f1b-b190-4076-9f38-601ef9f4b371,,,,,,,,,,,,,,,,,,,,,,aed81f1b-b190-4076-9f38-601ef9f4b371,,,,,,,,,,,,,,,,,,,,aed81f1b-b190-4076-9f38-601ef9f4b371,,,,,,,,,,,aed81f1b-b190-4076-9f38-601ef9f4b371,,,,,,,aed81f1b-b190-4076-9f38-601ef9f4b371,,,,,,,,
,,,,,,,,,,,,,,,,,,05dcbf4e-92be-49ac-9c9f-e3fb982cbe18,,,,,,,,,,,,,,,,,,,,,,aed81f1b-b190-4076-9f38-601ef9f4b371,,,,,,,,,,,,,,,,,,,,05dcbf4e-92be-49ac-9c9f-e3fb982cbe18,,,,,,,,,,,05dcbf4e-92be-49ac-9c9f-e3fb982cbe18,,,,,,,05dcbf4e-92be-49ac-9c9f-e3fb982cbe18,,,,,,,,
,,,,,,,aed81f1b-b190-4076-9f38-601ef9f4b371,,,,,,,,,,,,,,,,,,,,,,,,,,,,,,,,,05dcbf4e-92be-49ac-9c9f-e3fb982cbe18,,,,aed81f1b-b190-4076-9f38-601ef9f4b371,,,,,,,,,,,,,,,,,,,,,,,,,,,aed81f1b-b190-4076-9f38-601ef9f4b371,aed81f1b-b190-4076-9f38-601ef9f4b371,,,,,,aed81f1b-b190-4076-9f38-601ef9f4b371,aed81f1b-b190-4076-9f38-601ef9f4b371,,,,,,,
,,,,,,,0b19922d-2f3c-49ee-bdba-8798c68f130a,,,,,,,,,,,,,,,,,,,,,,,,,,,,,,,,,0b19922d-2f3c-49ee-bdba-8798c68f130a,,,,e04540d3-d537-4d74-bfcb-adfe2778708a,,,,,,,,,,,,,,,,,,,,,,,,,,,0b19922d-2f3c-49ee-bdba-8798c68f130a,,,,,,,0b19922d-2f3c-49ee-bdba-8798c68f130a,0b19922d-2f3c-49ee-bdba-8798c68f130a,,,,,,,
,,,,,,,,,,,,,,,,,,732fcccb-a657-44bd-ba4a-185e85325b51,,,,,,,,,,,,,,,,,,,,,,732fcccb-a657-44bd-ba4a-185e85325b51,,,,,,,,,,,,,,,,732fcccb-a657-44bd-ba4a-185e85325b51,,,,,,,,,,,,,,,732fcccb-a657-44bd-ba4a-185e85325b51,,,,,,,732fcccb-a657-44bd-ba4a-185e85325b51,,,,,,,,
,,,,,,,732fcccb-a657-44bd-ba4a-185e85325b51,,,,,,,,,,,,,,,,,,,,,,,,,,,,,,,,732fcccb-a657-44bd-ba4a-185e85325b51,732fcccb-a657-44bd-ba4a-185e85325b51,,,,,,,,,,,,,,,,,,,,732fcccb-a657-44bd-ba4a-185e85325b51,,,,,,,,,,,732fcccb-a657-44bd-ba4a-185e85325b51,,,,,,,732fcccb-a657-44bd-ba4a-185e85325b51,,,,,,,732fcccb-a657-44bd-ba4a-185e85325b51,
,,,,,,,,,,,,,,,,,,68b7b548-3aa3-4713-a414-01210cefe820,,,,,,,,,,,,,,,,,,,,,,68b7b548-3aa3-4713-a414-01210cefe820,,,,,,,,,,,,,,,,68b7b548-3aa3-4713-a414-01210cefe820,,,,,,,,,,,,,,,68b7b548-3aa3-4713-a414-01210cefe820,,,,,,,68b7b548-3aa3-4713-a414-01210cefe820,,,,,,,,
,,,,,,,0b19922d-2f3c-49ee-bdba-8798c68f130a,,,,,,,,0b19922d-2f3c-49ee-bdba-8798c68f130a,,,,,,,,,,,,,,,,,,,0b19922d-2f3c-49ee-bdba-8798c68f130a,,,,,,0b19922d-2f3c-49ee-bdba-8798c68f130a,,,,,,,,,,,,,,,,,,,,0b19922d-2f3c-49ee-bdba-8798c68f130a,,,,,,,,,,,0b19922d-2f3c-49ee-bdba-8798c68f130a,,,,,,,0b19922d-2f3c-49ee-bdba-8798c68f130a,,,,,,,,
,,,,,,,732fcccb-a657-44bd-ba4a-185e85325b51,,,,,,,,,,,,,,,,,,,,,,,,,,,,,,,,,732fcccb-a657-44bd-ba4a-185e85325b51,,,,,,,,,,,,,,,,,,,,,,,,,,,,aed81f1b-b190-4076-9f38-601ef9f4b371,,,732fcccb-a657-44bd-ba4a-185e85325b51,,,,,,,732fcccb-a657-44bd-ba4a-185e85325b51,732fcccb-a657-44bd-ba4a-185e85325b51,,,,,,,
,,,,,,,e04540d3-d537-4d74-bfcb-adfe2778708a,,,,,,,,,,,,,,,,,,,,,,,,,,,,,,,,,05dcbf4e-92be-49ac-9c9f-e3fb982cbe18,,,,,,,,,,,,,,,,,,,,,,,,,,,,,,,e04540d3-d537-4d74-bfcb-adfe2778708a,,,,,,,05dcbf4e-92be-49ac-9c9f-e3fb982cbe18,05dcbf4e-92be-49ac-9c9f-e3fb982cbe18,,,,,,,
,,,,,,,05dcbf4e-92be-49ac-9c9f-e3fb982cbe18,,,,,,,,,,,,,,,,,,,,,,,,,,,,,,,,,732fcccb-a657-44bd-ba4a-185e85325b51,,,,,,,,,,,,,,,,,,,,,,,,,,,,,,,05dcbf4e-92be-49ac-9c9f-e3fb982cbe18,,,,,,,e04540d3-d537-4d74-bfcb-adfe2778708a,,,,,,,05dcbf4e-92be-49ac-9c9f-e3fb982cbe18,
,,,,,,,aed81f1b-b190-4076-9f38-601ef9f4b371,,,,,,,,,,,,,,,,,,,,,,,,,,,,,,,,,aed81f1b-b190-4076-9f38-601ef9f4b371,,,,,,,,,,,,,,,,,,,,,,,,,,,,,,,aed81f1b-b190-4076-9f38-601ef9f4b371,,,,,,,aed81f1b-b190-4076-9f38-601ef9f4b371,,,,,,,68b7b548-3aa3-4713-a414-01210cefe820,
,,,,,,,,,,,,,,,,,,68b7b548-3aa3-4713-a414-01210cefe820,,,,,,,,,,,,,,,,,,,,,,68b7b548-3aa3-4713-a414-01210cefe820,,,,,,,,,,,,,,,,68b7b548-3aa3-4713-a414-01210cefe820,,,,,,,,,,,,,,,68b7b548-3aa3-4713-a414-01210cefe820,,,,,,,68b7b548-3aa3-4713-a414-01210cefe820,,,,,,,,
,,,,,,,,,,,,,,,,,,68b7b548-3aa3-4713-a414-01210cefe820,,,,,,,,,,,,,,,,,,,,,,68b7b548-3aa3-4713-a414-01210cefe820,,,,,,,,,,,,,,,,68b7b548-3aa3-4713-a414-01210cefe820,,,,,,,,,,,,,,,68b7b548-3aa3-4713-a414-01210cefe820,,,,,,,68b7b548-3aa3-4713-a414-01210cefe820,,,,,,,,
,,,,,,,,,,,,,,,,,,aed81f1b-b190-4076-9f38-601ef9f4b371,,,,,,,,,,,,,,,,,,,,,,aed81f1b-b190-4076-9f38-601ef9f4b371,,,,,,,,,,,,,,,,e04540d3-d537-4d74-bfcb-adfe2778708a,,,,,,,,,,,,aed81f1b-b190-4076-9f38-601ef9f4b371,,0b19922d-2f3c-49ee-bdba-8798c68f130a,aed81f1b-b190-4076-9f38-601ef9f4b371,,,,,,,aed81f1b-b190-4076-9f38-601ef9f4b371,,,,,,,,
,,,,,,,0b19922d-2f3c-49ee-bdba-8798c68f130a,,,,,,,,,,,,,,,,,,,,,,,,,,,,,,,,,0b19922d-2f3c-49ee-bdba-8798c68f130a,,,,,,,,,,,,,,,,,,,,,,,,,,,,,,,0b19922d-2f3c-49ee-bdba-8798c68f130a,,,,,,,05dcbf4e-92be-49ac-9c9f-e3fb982cbe18,,,,,,,0b19922d-2f3c-49ee-bdba-8798c68f130a,
,,,,,,,aed81f1b-b190-4076-9f38-601ef9f4b371,,,,,,,,,,,,,,,,,,,,,,,,,,,,,,,,,aed81f1b-b190-4076-9f38-601ef9f4b371,,,,,,,,,,,,,,,,,,,,,,,,,,,,,,,aed81f1b-b190-4076-9f38-601ef9f4b371,,,,,,,aed81f1b-b190-4076-9f38-601ef9f4b371,aed81f1b-b190-4076-9f38-601ef9f4b371,,,,,,,
,,,,,,,aed81f1b-b190-4076-9f38-601ef9f4b371,,,,,,,,,,,,,,,,,,,,,,,,,,,,,,,,,aed81f1b-b190-4076-9f38-601ef9f4b371,,,,,,,,,,,,,,,,,,,,,,,,,,,,,,,aed81f1b-b190-4076-9f38-601ef9f4b371,,,,,,,aed81f1b-b190-4076-9f38-601ef9f4b371,aed81f1b-b190-4076-9f38-601ef9f4b371,,,,,,,
,,,,,,,05dcbf4e-92be-49ac-9c9f-e3fb982cbe18,,,,,,,,,,,05dcbf4e-92be-49ac-9c9f-e3fb982cbe18,,,,,,,,,68b7b548-3aa3-4713-a414-01210cefe820,,,,,,,,,,,,,05dcbf4e-92be-49ac-9c9f-e3fb982cbe18,,,,,,,,,,,,,,,,,,,,05dcbf4e-92be-49ac-9c9f-e3fb982cbe18,,,,,,,,,,,05dcbf4e-92be-49ac-9c9f-e3fb982cbe18,,,,,,,05dcbf4e-92be-49ac-9c9f-e3fb982cbe18,,,,,,,,
,,,,,,,732fcccb-a657-44bd-ba4a-185e85325b51,,,,,,,,,,,732fcccb-a657-44bd-ba4a-185e85325b51,,,,,,,,,,,,,,,,,e04540d3-d537-4d74-bfcb-adfe2778708a,,,,,05dcbf4e-92be-49ac-9c9f-e3fb982cbe18,,,,,,,,,,,,,,,,,,,,,,,,,,,,,,,732fcccb-a657-44bd-ba4a-185e85325b51,,,,,,,732fcccb-a657-44bd-ba4a-185e85325b51,,,,,,,,
,,,,,,,,,,,,,,,,aed81f1b-b190-4076-9f38-601ef9f4b371,,0b19922d-2f3c-49ee-bdba-8798c68f130a,,,,,,,,,,,,,,,,,,,,,,aed81f1b-b190-4076-9f38-601ef9f4b371,,,,,,,,,,,,,,,,,,,,,,,,,,,,,,,aed81f1b-b190-4076-9f38-601ef9f4b371,,,,,,,aed81f1b-b190-4076-9f38-601ef9f4b371,,,,,,,,
,,,,,,,,,,,,,,,,aed81f1b-b190-4076-9f38-601ef9f4b371,,aed81f1b-b190-4076-9f38-601ef9f4b371,,,,,,,,,,,,,,,,,,,,,,aed81f1b-b190-4076-9f38-601ef9f4b371,,,,,,,,,,,,,,,,,,,,,,,,,,,,,,,aed81f1b-b190-4076-9f38-601ef9f4b371,,,,,,,aed81f1b-b190-4076-9f38-601ef9f4b371,,,,,,,,
,,,,,,,05dcbf4e-92be-49ac-9c9f-e3fb982cbe18,,,,,,,,,,,,,,,,,,,,,,,,,,,,,,,,,05dcbf4e-92be-49ac-9c9f-e3fb982cbe18,,,,,,,,,,,,,,,,,,,,05dcbf4e-92be-49ac-9c9f-e3fb982cbe18,,,,,,,,,,,05dcbf4e-92be-49ac-9c9f-e3fb982cbe18,,,,,,,05dcbf4e-92be-49ac-9c9f-e3fb982cbe18,,,,,,,,
,,,,,,,,,,,,,,,,68b7b548-3aa3-4713-a414-01210cefe820,,68b7b548-3aa3-4713-a414-01210cefe820,,,,,,,,,,,,,,,,,,,,,,68b7b548-3aa3-4713-a414-01210cefe820,,,,,,,,,,,,,,,,,,,,,,,,,,,,,,,68b7b548-3aa3-4713-a414-01210cefe820,,,,,,,68b7b548-3aa3-4713-a414-01210cefe820,,,,,,,,
,,,,,,,,,,,,,,,,05dcbf4e-92be-49ac-9c9f-e3fb982cbe18,,05dcbf4e-92be-49ac-9c9f-e3fb982cbe18,,,,,,,,,,,,,,,,,,,,,,e04540d3-d537-4d74-bfcb-adfe2778708a,,,,,,,,,,,,,,,,,,,,,,,,,,,,,,,05dcbf4e-92be-49ac-9c9f-e3fb982cbe18,,,,,,,05dcbf4e-92be-49ac-9c9f-e3fb982cbe18,,,,,,,,
,,,,,,,732fcccb-a657-44bd-ba4a-185e85325b51,,,,,,,,,,,,,,,,,,,,,,,,,,,,,,,,,732fcccb-a657-44bd-ba4a-185e85325b51,,,,,,,,,,,,,,,,,,,,732fcccb-a657-44bd-ba4a-185e85325b51,,,,,,,,,,,732fcccb-a657-44bd-ba4a-185e85325b51,,,,,,,732fcccb-a657-44bd-ba4a-185e85325b51,,,,,,,,
,,,,,,,05dcbf4e-92be-49ac-9c9f-e3fb982cbe18,,,,,,,,,,,,,,,,,,,,,,,,,,,,,,,,,05dcbf4e-92be-49ac-9c9f-e3fb982cbe18,,,,,,,,,,,,,,,,,,,,,,,,,,,,,,,05dcbf4e-92be-49ac-9c9f-e3fb982cbe18,,,,,,,05dcbf4e-92be-49ac-9c9f-e3fb982cbe18,05dcbf4e-92be-49ac-9c9f-e3fb982cbe18,,,,,,,
,,,,,,,0b19922d-2f3c-49ee-bdba-8798c68f130a,,,,,,,,,,,0b19922d-2f3c-49ee-bdba-8798c68f130a,,,,,,,,,,,,,,,,,,,,,,0b19922d-2f3c-49ee-bdba-8798c68f130a,,,,,,,,,,,,,,,,,,,,,,,,,,,,,,,0b19922d-2f3c-49ee-bdba-8798c68f130a,,,,,,,0b19922d-2f3c-49ee-bdba-8798c68f130a,,,,,,,,
,,,,,,,68b7b548-3aa3-4713-a414-01210cefe820,,,,,,,,,,,,,,,,,,,,,,,,,,,,,,,,,68b7b548-3aa3-4713-a414-01210cefe820,,,,,,,,,,,,,,,,,,,,,,,,,,,,,,,68b7b548-3aa3-4713-a414-01210cefe820,,,,,,,68b7b548-3aa3-4713-a414-01210cefe820,68b7b548-3aa3-4713-a414-01210cefe820,,,,,,,
,,,,,,,68b7b548-3aa3-4713-a414-01210cefe820,,,,,,,,,,,,,,,,,,,,,,,,,,,,,,,,,68b7b548-3aa3-4713-a414-01210cefe820,,,,,,,,,,,,,,,,,,,,,,,,,,,,68b7b548-3aa3-4713-a414-01210cefe820,,,68b7b548-3aa3-4713-a414-01210cefe820,,,,,,,68b7b548-3aa3-4713-a414-01210cefe820,68b7b548-3aa3-4713-a414-01210cefe820,,,,,,,
,,,,,,,aed81f1b-b190-4076-9f38-601ef9f4b371,,,,,,,,,,,,,,,,,,,,,,,,,,,,,,,,,aed81f1b-b190-4076-9f38-601ef9f4b371,,,,,,,,,,,,,,,,,,,,aed81f1b-b190-4076-9f38-601ef9f4b371,,,,,,,,,,,aed81f1b-b190-4076-9f38-601ef9f4b371,,,,,,,aed81f1b-b190-4076-9f38-601ef9f4b371,,,,,,,,
,,,,,,,05dcbf4e-92be-49ac-9c9f-e3fb982cbe18,,,,,,,,,,,,,,,,,,,,,,,,,,,,,,,,,aed81f1b-b190-4076-9f38-601ef9f4b371,,,,,,,,,,,,,,,,,,,,,,,,,,,,,,,05dcbf4e-92be-49ac-9c9f-e3fb982cbe18,,,,,,,05dcbf4e-92be-49ac-9c9f-e3fb982cbe18,05dcbf4e-92be-49ac-9c9f-e3fb982cbe18,,,,,,,
,,,,05dcbf4e-92be-49ac-9c9f-e3fb982cbe18,,,05dcbf4e-92be-49ac-9c9f-e3fb982cbe18,,,,,,,,,,,05dcbf4e-92be-49ac-9c9f-e3fb982cbe18,,,,,,,,,,,,,,,,,,,,,,05dcbf4e-92be-49ac-9c9f-e3fb982cbe18,,,,,,,,,,732fcccb-a657-44bd-ba4a-185e85325b51,,,,,,,,,,05dcbf4e-92be-49ac-9c9f-e3fb982cbe18,,,,,,,,,,,05dcbf4e-92be-49ac-9c9f-e3fb982cbe18,,,,,,,05dcbf4e-92be-49ac-9c9f-e3fb982cbe18,,,,,,05dcbf4e-92be-49ac-9c9f-e3fb982cbe18,,
,,,,,,,0b19922d-2f3c-49ee-bdba-8798c68f130a,,,,,,,,,,,68b7b548-3aa3-4713-a414-01210cefe820,,,,,,,,,,,,,,,,,,,,,,0b19922d-2f3c-49ee-bdba-8798c68f130a,,,,,,,,,,,,,,,,,,,,,,,,,,,,,,,0b19922d-2f3c-49ee-bdba-8798c68f130a,,,,,,,0b19922d-2f3c-49ee-bdba-8798c68f130a,,,,,,,,
,,,,,,,e04540d3-d537-4d74-bfcb-adfe2778708a,,,,,,,,,,,e04540d3-d537-4d74-bfcb-adfe2778708a,,,,,,,,,,,,,,,,,,,,,,05dcbf4e-92be-49ac-9c9f-e3fb982cbe18,,,,,,,,,,e04540d3-d537-4d74-bfcb-adfe2778708a,,,,,,,,,,732fcccb-a657-44bd-ba4a-185e85325b51,,,,,,,,,,e04540d3-d537-4d74-bfcb-adfe2778708a,e04540d3-d537-4d74-bfcb-adfe2778708a,e04540d3-d537-4d74-bfcb-adfe2778708a,,,,,,e04540d3-d537-4d74-bfcb-adfe2778708a,,,,,,68b7b548-3aa3-4713-a414-01210cefe820,,
,,,,,,,68b7b548-3aa3-4713-a414-01210cefe820,,,,,,,,,,,68b7b548-3aa3-4713-a414-01210cefe820,,,,,,,,,,,,,,,,,,,,,,68b7b548-3aa3-4713-a414-01210cefe820,,,,,,,,,,,,,,,,,,,,,,,,,,,,,,,68b7b548-3aa3-4713-a414-01210cefe820,,,,,,,68b7b548-3aa3-4713-a414-01210cefe820,,,,,,,,
,,,,,,,732fcccb-a657-44bd-ba4a-185e85325b51,,,,,,,,,,,732fcccb-a657-44bd-ba4a-185e85325b51,,,,,,,,,,,,,,,,,,,,,,732fcccb-a657-44bd-ba4a-185e85325b51,,,,,,,,,,,,,,,,,,,,,,,,,,,,,,,732fcccb-a657-44bd-ba4a-185e85325b51,,,,,,,732fcccb-a657-44bd-ba4a-185e85325b51,,,,,,,,
,,,,,,,68b7b548-3aa3-4713-a414-01210cefe820,,,,,,,,,,,68b7b548-3aa3-4713-a414-01210cefe820,,,,,,,,,,,,,,,,,,,,,,68b7b548-3aa3-4713-a414-01210cefe820,,,,,,,,,,,,,,,,,,,,,,,,,,,,,,,68b7b548-3aa3-4713-a414-01210cefe820,,,,,,,68b7b548-3aa3-4713-a414-01210cefe820,,,,,,,,
,,,,,,,e04540d3-d537-4d74-bfcb-adfe2778708a,,,,,,,,,,,e04540d3-d537-4d74-bfcb-adfe2778708a,,,,,,,,,,,e04540d3-d537-4d74-bfcb-adfe2778708a,,,,,,,,,,,e04540d3-d537-4d74-bfcb-adfe2778708a,,,,,,,,,,,,,,,,,,,,,,,,,,,,,,,e04540d3-d537-4d74-bfcb-adfe2778708a,,,,,,,e04540d3-d537-4d74-bfcb-adfe2778708a,,,,,,,,
,,,,,,,05dcbf4e-92be-49ac-9c9f-e3fb982cbe18,,,,,,,,,,,05dcbf4e-92be-49ac-9c9f-e3fb982cbe18,,,,,,,,,,,,,,,,,,,,,,e04540d3-d537-4d74-bfcb-adfe2778708a,,,,,,,,,,,,,,,,,,,,,,,,,,,,,,,05dcbf4e-92be-49ac-9c9f-e3fb982cbe18,,,,,,,05dcbf4e-92be-49ac-9c9f-e3fb982cbe18,,,,,,,,
,,,,,,,aed81f1b-b190-4076-9f38-601ef9f4b371,,,,,,,,,,,aed81f1b-b190-4076-9f38-601ef9f4b371,,,,,,,,,,,,,,,,,,,,,,aed81f1b-b190-4076-9f38-601ef9f4b371,,,,,,,,,,,,,,,,,,,,,,,,,,,,,,aed81f1b-b190-4076-9f38-601ef9f4b371,aed81f1b-b190-4076-9f38-601ef9f4b371,,,,,,,aed81f1b-b190-4076-9f38-601ef9f4b371,,,,,,,,
,,,,,,,,,,,,,,,,,,,,,,,,,,,,,,,,,,,,,,,,05dcbf4e-92be-49ac-9c9f-e3fb982cbe18,,,,,,,,,,05dcbf4e-92be-49ac-9c9f-e3fb982cbe18,,,,,,,,,,05dcbf4e-92be-49ac-9c9f-e3fb982cbe18,,,,,,,,,,,05dcbf4e-92be-49ac-9c9f-e3fb982cbe18,,,,05dcbf4e-92be-49ac-9c9f-e3fb982cbe18,,,05dcbf4e-92be-49ac-9c9f-e3fb982cbe18,,,,,,,,
,,,,,,,,,,,,,,,,,,,,,,,,,,,,,,,,,,,,,,,,732fcccb-a657-44bd-ba4a-185e85325b51,,,,,,,,,,732fcccb-a657-44bd-ba4a-185e85325b51,,,,,,,,,,732fcccb-a657-44bd-ba4a-185e85325b51,,,,e04540d3-d537-4d74-bfcb-adfe2778708a,,,,,,,732fcccb-a657-44bd-ba4a-185e85325b51,aed81f1b-b190-4076-9f38-601ef9f4b371,,732fcccb-a657-44bd-ba4a-185e85325b51,,,,732fcccb-a657-44bd-ba4a-185e85325b51,,,,,,,,
,,,,,,,,,,,,,,,,,,,,,,,,,,,,,,,aed81f1b-b190-4076-9f38-601ef9f4b371,,,,,,,,,aed81f1b-b190-4076-9f38-601ef9f4b371,,,,,,,,,,aed81f1b-b190-4076-9f38-601ef9f4b371,,,,,,,,,,aed81f1b-b190-4076-9f38-601ef9f4b371,,,,,,,,,,,aed81f1b-b190-4076-9f38-601ef9f4b371,,,,,,,aed81f1b-b190-4076-9f38-601ef9f4b371,,,,,,aed81f1b-b190-4076-9f38-601ef9f4b371,,
,,,,,,,,,,,,,,,,,,,,,,,,,,,,,,,,,,,,,,,,05dcbf4e-92be-49ac-9c9f-e3fb982cbe18,,,,,,,,,,e04540d3-d537-4d74-bfcb-adfe2778708a,,,,,,,,,,e04540d3-d537-4d74-bfcb-adfe2778708a,,,,,,,,,,,e04540d3-d537-4d74-bfcb-adfe2778708a,,,,,,,e04540d3-d537-4d74-bfcb-adfe2778708a,,,,,,,,
,,,,,,,,,,,,,,,,,,,,,,,,,,,,,,,,,,,,,,,,68b7b548-3aa3-4713-a414-01210cefe820,,,,,,,,,,68b7b548-3aa3-4713-a414-01210cefe820,,,,,,,,,,aed81f1b-b190-4076-9f38-601ef9f4b371,,,,,,,,,,,68b7b548-3aa3-4713-a414-01210cefe820,,,,,,,68b7b548-3aa3-4713-a414-01210cefe820,,,,,,,,
,,,,,,,,,,,,,,,,,,,,,,,,,,,,,,,,,,,,,,,,aed81f1b-b190-4076-9f38-601ef9f4b371,,,,,,,,,,aed81f1b-b190-4076-9f38-601ef9f4b371,,,,,,,,,,aed81f1b-b190-4076-9f38-601ef9f4b371,,,,,,,,,,,05dcbf4e-92be-49ac-9c9f-e3fb982cbe18,,,,,,,05dcbf4e-92be-49ac-9c9f-e3fb982cbe18,,,,,,,,
,,,,,,,,,,,,,,,,,,,,,,,,,,,,,,,,,,,,,,,,05dcbf4e-92be-49ac-9c9f-e3fb982cbe18,,,,,,,,,,05dcbf4e-92be-49ac-9c9f-e3fb982cbe18,,,,,,,,,05dcbf4e-92be-49ac-9c9f-e3fb982cbe18,05dcbf4e-92be-49ac-9c9f-e3fb982cbe18,,,,,,,,,,05dcbf4e-92be-49ac-9c9f-e3fb982cbe18,05dcbf4e-92be-49ac-9c9f-e3fb982cbe18,,,,,,,05dcbf4e-92be-49ac-9c9f-e3fb982cbe18,,,,,,0b19922d-2f3c-49ee-bdba-8798c68f130a,,
,,,,,,,,,,,,,,,,,,,,,,,,,,,,,,,,,,,,,,,,05dcbf4e-92be-49ac-9c9f-e3fb982cbe18,,,,,,,,,,e04540d3-d537-4d74-bfcb-adfe2778708a,,,,,,,,,,05dcbf4e-92be-49ac-9c9f-e3fb982cbe18,,,,,,,,,,,05dcbf4e-92be-49ac-9c9f-e3fb982cbe18,,,,,,,05dcbf4e-92be-49ac-9c9f-e3fb982cbe18,,,,,,,,
,,,,,,,,,,,,,,,,,,,,,,,,,,,,,,,,,,,,,,,,732fcccb-a657-44bd-ba4a-185e85325b51,,,,,,,,,,732fcccb-a657-44bd-ba4a-185e85325b51,,,,,,,,,,732fcccb-a657-44bd-ba4a-185e85325b51,,,,,,,,,,,732fcccb-a657-44bd-ba4a-185e85325b51,,,,,,,732fcccb-a657-44bd-ba4a-185e85325b51,,,,,,,,
,,,,,,,,,,,,,,,,,,,,,,,,,,,,,,,,,,,,,,,,0b19922d-2f3c-49ee-bdba-8798c68f130a,,,,,,,,,,0b19922d-2f3c-49ee-bdba-8798c68f130a,,,,,,,,,,0b19922d-2f3c-49ee-bdba-8798c68f130a,,,,,,,,,,,0b19922d-2f3c-49ee-bdba-8798c68f130a,,,,,,,0b19922d-2f3c-49ee-bdba-8798c68f130a,,,,,,,,
,,,,,,,,,,,,,,,,,,,,,,,,,,,,,,,,,,,,,,,,aed81f1b-b190-4076-9f38-601ef9f4b371,,,,,,,,,,aed81f1b-b190-4076-9f38-601ef9f4b371,,,,,,,,,,aed81f1b-b190-4076-9f38-601ef9f4b371,,,,,,,,,,,aed81f1b-b190-4076-9f38-601ef9f4b371,,,,,,,aed81f1b-b190-4076-9f38-601ef9f4b371,,,,,,,,
,,,,,,,,,,,,,,,,,,,,,,,,,,,,,,,,,,,,,,,,aed81f1b-b190-4076-9f38-601ef9f4b371,,,,,,,,,,732fcccb-a657-44bd-ba4a-185e85325b51,,,,,,,,,,732fcccb-a657-44bd-ba4a-185e85325b51,,,,,,,,,,,732fcccb-a657-44bd-ba4a-185e85325b51,,,,,,,68b7b548-3aa3-4713-a414-01210cefe820,,,,,,,,
,,,,,,,,,,,,,,,,,,,,,,,,,,,,,,,,,,,,,,,,aed81f1b-b190-4076-9f38-601ef9f4b371,,,,,,,,,,aed81f1b-b190-4076-9f38-601ef9f4b371,,,,,,,,,,aed81f1b-b190-4076-9f38-601ef9f4b371,,,,,,,,,,,aed81f1b-b190-4076-9f38-601ef9f4b371,,,,,,,aed81f1b-b190-4076-9f38-601ef9f4b371,,,,,,,,
,,,,,,,,,,,,,,,,,,,,,,,,,,,,,,,,,,,,,,,,05dcbf4e-92be-49ac-9c9f-e3fb982cbe18,,,,,,,,,,e04540d3-d537-4d74-bfcb-adfe2778708a,,,,,,,,,,e04540d3-d537-4d74-bfcb-adfe2778708a,,,,,,,,,,,0b19922d-2f3c-49ee-bdba-8798c68f130a,,,,,,,0b19922d-2f3c-49ee-bdba-8798c68f130a,,,,,,,,
,,,,,,,,,,,,,,,,,,,,,,,,,,,,,732fcccb-a657-44bd-ba4a-185e85325b51,,,,,,,,,,,68b7b548-3aa3-4713-a414-01210cefe820,,,,,,,,,,68b7b548-3aa3-4713-a414-01210cefe820,,,,,,,,,,68b7b548-3aa3-4713-a414-01210cefe820,,,,,,,,,,,68b7b548-3aa3-4713-a414-01210cefe820,,,,,,,68b7b548-3aa3-4713-a414-01210cefe820,,,,,,,,
,,,,,,,,732fcccb-a657-44bd-ba4a-185e85325b51,,,,,,,,,,,,,,,,,,,,,,,,,,,,,,,,732fcccb-a657-44bd-ba4a-185e85325b51,,,,,,,,,,,,,,,,,,,,732fcccb-a657-44bd-ba4a-185e85325b51,,,,,,,,,,,05dcbf4e-92be-49ac-9c9f-e3fb982cbe18,,,,,,,05dcbf4e-92be-49ac-9c9f-e3fb982cbe18,,,,,,732fcccb-a657-44bd-ba4a-185e85325b51,,
,,,,,,,,,,,,,,,,,,,,0b19922d-2f3c-49ee-bdba-8798c68f130a,,,,,,,,e04540d3-d537-4d74-bfcb-adfe2778708a,,,,,,,,,,,,aed81f1b-b190-4076-9f38-601ef9f4b371,,,,,,,,,,,,,,,,,,,,aed81f1b-b190-4076-9f38-601ef9f4b371,,,,,,,,,,,aed81f1b-b190-4076-9f38-601ef9f4b371,,,,,,,aed81f1b-b190-4076-9f38-601ef9f4b371,,,,,,aed81f1b-b190-4076-9f38-601ef9f4b371,,
,,,,,,,,,,,,,,,,,,,,,,,,,,05dcbf4e-92be-49ac-9c9f-e3fb982cbe18,,,,,,,,,,,,,,aed81f1b-b190-4076-9f38-601ef9f4b371,,aed81f1b-b190-4076-9f38-601ef9f4b371,,,,,,,,,,,,,,,,,,05dcbf4e-92be-49ac-9c9f-e3fb982cbe18,,,,,,,,,,,05dcbf4e-92be-49ac-9c9f-e3fb982cbe18,,,,,,,05dcbf4e-92be-49ac-9c9f-e3fb982cbe18,,,,,,05dcbf4e-92be-49ac-9c9f-e3fb982cbe18,,
,,,,,,,,,,,,,,,,,,,,,,,,,,,,,,,,,,,,,,,,aed81f1b-b190-4076-9f38-601ef9f4b371,,,,,,,,,,,,,,,,,,,,0b19922d-2f3c-49ee-bdba-8798c68f130a,,,,,,,,,,,0b19922d-2f3c-49ee-bdba-8798c68f130a,,,,,,,0b19922d-2f3c-49ee-bdba-8798c68f130a,,,,,,0b19922d-2f3c-49ee-bdba-8798c68f130a,,
,,,,,,,,,,,,,,,,,,,,,,,,,,,,,,,,,,,,,,,,e04540d3-d537-4d74-bfcb-adfe2778708a,,,,,,,,,,,,,,,,,,,,e04540d3-d537-4d74-bfcb-adfe2778708a,,,,,,aed81f1b-b190-4076-9f38-601ef9f4b371,,,,,e04540d3-d537-4d74-bfcb-adfe2778708a,,,,,,,e04540d3-d537-4d74-bfcb-adfe2778708a,,,,,,e04540d3-d537-4d74-bfcb-adfe2778708a,,
,,,,,,,,,,,,,,,,,,,,,,,,,,,,e04540d3-d537-4d74-bfcb-adfe2778708a,,,,,,,,,,,,aed81f1b-b190-4076-9f38-601ef9f4b371,,aed81f1b-b190-4076-9f38-601ef9f4b371,,,,,,,,,,,,,,,,,,aed81f1b-b190-4076-9f38-601ef9f4b371,,,,,,,,,,,aed81f1b-b190-4076-9f38-601ef9f4b371,,,,,,,aed81f1b-b190-4076-9f38-601ef9f4b371,,,,,,aed81f1b-b190-4076-9f38-601ef9f4b371,,
,,,,,,,,,,,,,,,,,,,,,,,,,,,,,,,,,,,,,,,,732fcccb-a657-44bd-ba4a-185e85325b51,,,,,,,,,,,,,,,,,,,,732fcccb-a657-44bd-ba4a-185e85325b51,,,,,,,,,,,732fcccb-a657-44bd-ba4a-185e85325b51,,,,,,,732fcccb-a657-44bd-ba4a-185e85325b51,,,,,,732fcccb-a657-44bd-ba4a-185e85325b51,,
,,,,,,,,,,,,,,,,,,,,,,,,,,,,e04540d3-d537-4d74-bfcb-adfe2778708a,,,,,,,,,,,,aed81f1b-b190-4076-9f38-601ef9f4b371,,,,,,,,,,,,,,,,,,,,aed81f1b-b190-4076-9f38-601ef9f4b371,,,,,,,,,,,aed81f1b-b190-4076-9f38-601ef9f4b371,,,,,,,aed81f1b-b190-4076-9f38-601ef9f4b371,,,,,,aed81f1b-b190-4076-9f38-601ef9f4b371,,
,,,,,,,,,,,,,,,,,,,,,,,,,,,,,,,,,,,,,,,,aed81f1b-b190-4076-9f38-601ef9f4b371,,0b19922d-2f3c-49ee-bdba-8798c68f130a,,,,,,,,,,,,,,,,,,aed81f1b-b190-4076-9f38-601ef9f4b371,,,,,,,,,,,aed81f1b-b190-4076-9f38-601ef9f4b371,,,,,,,aed81f1b-b190-4076-9f38-601ef9f4b371,,,,,,aed81f1b-b190-4076-9f38-601ef9f4b371,,
,,,,,,,,,,,,,,,,,,,,,,,,,,,,,,,,,,,,,,,,732fcccb-a657-44bd-ba4a-185e85325b51,,,,,,,,,,,,,,,,,,,,732fcccb-a657-44bd-ba4a-185e85325b51,,,,,,,,,,,732fcccb-a657-44bd-ba4a-185e85325b51,,,,,,,732fcccb-a657-44bd-ba4a-185e85325b51,,,,,,732fcccb-a657-44bd-ba4a-185e85325b51,,
,,,,,,,,,,,,,,,,,,,,,,,,,,,,732fcccb-a657-44bd-ba4a-185e85325b51,,,,,,,,,,,,732fcccb-a657-44bd-ba4a-185e85325b51,,732fcccb-a657-44bd-ba4a-185e85325b51,,,,,,,,,,,,,,,,,,aed81f1b-b190-4076-9f38-601ef9f4b371,,,,,,,,,,,732fcccb-a657-44bd-ba4a-185e85325b51,,,,,,,732fcccb-a657-44bd-ba4a-185e85325b51,,,,,,aed81f1b-b190-4076-9f38-601ef9f4b371,,
,,,,,,,,,,,,,,,,,,,,,,,,,,,,,,,,,,,,,,,,68b7b548-3aa3-4713-a414-01210cefe820,,,,,,,,,,,,,,,,,,,,68b7b548-3aa3-4713-a414-01210cefe820,,,,,,,,,,,68b7b548-3aa3-4713-a414-01210cefe820,,,,,,,68b7b548-3aa3-4713-a414-01210cefe820,,,,,,68b7b548-3aa3-4713-a414-01210cefe820,,
,,,,,,,,,,,,,,,,,,,,,,,,,,,,,,,,,,,,,,,,aed81f1b-b190-4076-9f38-601ef9f4b371,,,,,,,,,,,,,05dcbf4e-92be-49ac-9c9f-e3fb982cbe18,,,,,,,aed81f1b-b190-4076-9f38-601ef9f4b371,,,732fcccb-a657-44bd-ba4a-185e85325b51,,,,,,,,aed81f1b-b190-4076-9f38-601ef9f4b371,,,,,,,aed81f1b-b190-4076-9f38-601ef9f4b371,,,,,,aed81f1b-b190-4076-9f38-601ef9f4b371,,
,,,,,,,,,,,,,,,,,,,,,,,,,,,,,,,,,,,,,,,,05dcbf4e-92be-49ac-9c9f-e3fb982cbe18,,732fcccb-a657-44bd-ba4a-185e85325b51,,,,,,,,,,,,,,,,,,05dcbf4e-92be-49ac-9c9f-e3fb982cbe18,,,,,,,,,,,05dcbf4e-92be-49ac-9c9f-e3fb982cbe18,,,,,,,05dcbf4e-92be-49ac-9c9f-e3fb982cbe18,,,,,,05dcbf4e-92be-49ac-9c9f-e3fb982cbe18,,
,,,,,,,,,,,,,,,,,,,,,,,,,,,,,,,,,,,,,,,,aed81f1b-b190-4076-9f38-601ef9f4b371,,,,,,,,,,,,,,,,,,,,aed81f1b-b190-4076-9f38-601ef9f4b371,,732fcccb-a657-44bd-ba4a-185e85325b51,,,,,,aed81f1b-b190-4076-9f38-601ef9f4b371,,,aed81f1b-b190-4076-9f38-601ef9f4b371,,,,,,,aed81f1b-b190-4076-9f38-601ef9f4b371,,,,,,e04540d3-d537-4d74-bfcb-adfe2778708a,,
,,,732fcccb-a657-44bd-ba4a-185e85325b51,,,,,,,,,,,,,,,,,,,,,,,,,,,,,,,,,,,,,732fcccb-a657-44bd-ba4a-185e85325b51,,,,,,732fcccb-a657-44bd-ba4a-185e85325b51,,,,,,,,,,,,,,68b7b548-3aa3-4713-a414-01210cefe820,,,,,,,,,,,68b7b548-3aa3-4713-a414-01210cefe820,,,,,,,68b7b548-3aa3-4713-a414-01210cefe820,,,,,,68b7b548-3aa3-4713-a414-01210cefe820,,
,,,,,,,,,,,,,,,,,,,,,,,,,,,,,,,,,,,,,,,,aed81f1b-b190-4076-9f38-601ef9f4b371,,,,,,732fcccb-a657-44bd-ba4a-185e85325b51,,,,,,,,,,,,,,aed81f1b-b190-4076-9f38-601ef9f4b371,,,732fcccb-a657-44bd-ba4a-185e85325b51,,,,,,,,05dcbf4e-92be-49ac-9c9f-e3fb982cbe18,,,,,,,05dcbf4e-92be-49ac-9c9f-e3fb982cbe18,,,,,,aed81f1b-b190-4076-9f38-601ef9f4b371,,
,,,,,,,,,,,,,,,,,,,,,,,,,,,,,,,,,,,,,,,,05dcbf4e-92be-49ac-9c9f-e3fb982cbe18,,,,,,,,,,,,,,,,,,,,05dcbf4e-92be-49ac-9c9f-e3fb982cbe18,,,,,,,,,,,05dcbf4e-92be-49ac-9c9f-e3fb982cbe18,,,,,,,05dcbf4e-92be-49ac-9c9f-e3fb982cbe18,,,,,,05dcbf4e-92be-49ac-9c9f-e3fb982cbe18,,
,,,,,,,,,,,,,,,,,,,,,,,,,,,,,,,,,,,,,,,,aed81f1b-b190-4076-9f38-601ef9f4b371,,,,,,,,,,,,,,,,,,,,aed81f1b-b190-4076-9f38-601ef9f4b371,,,e04540d3-d537-4d74-bfcb-adfe2778708a,,,,,,,,aed81f1b-b190-4076-9f38-601ef9f4b371,,,,,,,aed81f1b-b190-4076-9f38-601ef9f4b371,,,,,,aed81f1b-b190-4076-9f38-601ef9f4b371,,
,,,,,,,,,,,,,,,,,,,,,,,,,,,,,,,,,,,,,,,,05dcbf4e-92be-49ac-9c9f-e3fb982cbe18,,,,,,,,,,,,,,,,,,,,05dcbf4e-92be-49ac-9c9f-e3fb982cbe18,,,,,,,,,,05dcbf4e-92be-49ac-9c9f-e3fb982cbe18,05dcbf4e-92be-49ac-9c9f-e3fb982cbe18,,,,,,,05dcbf4e-92be-49ac-9c9f-e3fb982cbe18,,,,,,05dcbf4e-92be-49ac-9c9f-e3fb982cbe18,,
,,,,,,,,,,,,,,,,,,,,,,,,,,,,,,,,,,,,,,,,0b19922d-2f3c-49ee-bdba-8798c68f130a,,0b19922d-2f3c-49ee-bdba-8798c68f130a,,,,,,,,,,,,,,,,,,0b19922d-2f3c-49ee-bdba-8798c68f130a,,,,,,,,,,,0b19922d-2f3c-49ee-bdba-8798c68f130a,,,,,,,68b7b548-3aa3-4713-a414-01210cefe820,,,,,,0b19922d-2f3c-49ee-bdba-8798c68f130a,,
,,,,,,,,,,,,,,,,,,,732fcccb-a657-44bd-ba4a-185e85325b51,,,,,,,,,,,,,,,,,,,,,732fcccb-a657-44bd-ba4a-185e85325b51,,,,,,,,,,,,,,,,,,,,732fcccb-a657-44bd-ba4a-185e85325b51,,,,,,,,,,,e04540d3-d537-4d74-bfcb-adfe2778708a,e04540d3-d537-4d74-bfcb-adfe2778708a,,,,,,e04540d3-d537-4d74-bfcb-adfe2778708a,,,,,,732fcccb-a657-44bd-ba4a-185e85325b51,,
,,,,,,,,,,,,,,,,,,,,,,,,,,,,,,,,,,,,,,,,aed81f1b-b190-4076-9f38-601ef9f4b371,,,,,,,,,,,,,,,,,,,,aed81f1b-b190-4076-9f38-601ef9f4b371,,,,,,,,,,,aed81f1b-b190-4076-9f38-601ef9f4b371,,,,,,,aed81f1b-b190-4076-9f38-601ef9f4b371,,,,,,e04540d3-d537-4d74-bfcb-adfe2778708a,,
,,,,,,,,,,,,,,,,,,,,,,,,,,,,,,,,,,,,,,,,0b19922d-2f3c-49ee-bdba-8798c68f130a,,,,,,e04540d3-d537-4d74-bfcb-adfe2778708a,,,,,,,,,,,,,,0b19922d-2f3c-49ee-bdba-8798c68f130a,,,732fcccb-a657-44bd-ba4a-185e85325b51,,,,,,,,0b19922d-2f3c-49ee-bdba-8798c68f130a,,,,,,,0b19922d-2f3c-49ee-bdba-8798c68f130a,,,,,,0b19922d-2f3c-49ee-bdba-8798c68f130a,,
,,,,,,,,aed81f1b-b190-4076-9f38-601ef9f4b371,,,,,,,,,,,732fcccb-a657-44bd-ba4a-185e85325b51,,,,,,,,,,,,,,,,,,,,,05dcbf4e-92be-49ac-9c9f-e3fb982cbe18,,e04540d3-d537-4d74-bfcb-adfe2778708a,,,,,,,,,,,,,,,,,,aed81f1b-b190-4076-9f38-601ef9f4b371,,,,,,,,,,,aed81f1b-b190-4076-9f38-601ef9f4b371,,,,,,,aed81f1b-b190-4076-9f38-601ef9f4b371,,,,,,aed81f1b-b190-4076-9f38-601ef9f4b371,,
,,,,,,,,,,,,,,,,,,,,,,,,,,,,,,,,,,,,,,,732fcccb-a657-44bd-ba4a-185e85325b51,732fcccb-a657-44bd-ba4a-185e85325b51,,,,,,,,,,,,,,,,,,,,732fcccb-a657-44bd-ba4a-185e85325b51,,,732fcccb-a657-44bd-ba4a-185e85325b51,,,,,,,,732fcccb-a657-44bd-ba4a-185e85325b51,,,,,,,732fcccb-a657-44bd-ba4a-185e85325b51,,,,,,0b19922d-2f3c-49ee-bdba-8798c68f130a,,
,,,,,,,732fcccb-a657-44bd-ba4a-185e85325b51,,,,,,,,,,,,,,,,,,,732fcccb-a657-44bd-ba4a-185e85325b51,,,,,,,,,,,,,,aed81f1b-b190-4076-9f38-601ef9f4b371,,,,,,,,,,aed81f1b-b190-4076-9f38-601ef9f4b371,,,,,,,732fcccb-a657-44bd-ba4a-185e85325b51,,,732fcccb-a657-44bd-ba4a-185e85325b51,,,,,,732fcccb-a657-44bd-ba4a-185e85325b51,,732fcccb-a657-44bd-ba4a-185e85325b51,,,,,,,,,,732fcccb-a657-44bd-ba4a-185e85325b51,,68b7b548-3aa3-4713-a414-01210cefe820,,,,,05dcbf4e-92be-49ac-9c9f-e3fb982cbe18,
,,,,,,,68b7b548-3aa3-4713-a414-01210cefe820,,,,,,,,,,,,,,,,,,,,,,,,,,,,,,,,,68b7b548-3aa3-4713-a414-01210cefe820,,,,,,,,,,e04540d3-d537-4d74-bfcb-adfe2778708a,,,,,,,,,,68b7b548-3aa3-4713-a414-01210cefe820,,,,,,,,68b7b548-3aa3-4713-a414-01210cefe820,,,,,,,,,,68b7b548-3aa3-4713-a414-01210cefe820,,,,,,,,
,,,,,,,,,,,,,,,,,,,,,,,,,,,,,,,,,,,,,,,,aed81f1b-b190-4076-9f38-601ef9f4b371,,,,,,,,,,e04540d3-d537-4d74-bfcb-adfe2778708a,,,,,,,,,,aed81f1b-b190-4076-9f38-601ef9f4b371,,,,,,,,732fcccb-a657-44bd-ba4a-185e85325b51,,,e04540d3-d537-4d74-bfcb-adfe2778708a,,,,,,,aed81f1b-b190-4076-9f38-601ef9f4b371,,,,,,,,
,,,,,,,,,,,,,,,,,,,,,,,,,,,,,,,,,,,,,,,,732fcccb-a657-44bd-ba4a-185e85325b51,,,,,,,,,,,,,,,,,,,,732fcccb-a657-44bd-ba4a-185e85325b51,,,,,,,,,,,732fcccb-a657-44bd-ba4a-185e85325b51,,,,,,,732fcccb-a657-44bd-ba4a-185e85325b51,,,,,,732fcccb-a657-44bd-ba4a-185e85325b51,,
,,,,,,,,,,,,,,,,,,,,,,,,,,,,,,,,,,,,,,,,e04540d3-d537-4d74-bfcb-adfe2778708a,,,,,,,,,,,,,,,,,,,,aed81f1b-b190-4076-9f38-601ef9f4b371,,,,,,,,aed81f1b-b190-4076-9f38-601ef9f4b371,,,aed81f1b-b190-4076-9f38-601ef9f4b371,,,,,,,aed81f1b-b190-4076-9f38-601ef9f4b371,,,,,,e04540d3-d537-4d74-bfcb-adfe2778708a,,
,,,,,,,,,,,,,,,,,,,,,,,,,,,,,,,,,,,,,,,68b7b548-3aa3-4713-a414-01210cefe820,68b7b548-3aa3-4713-a414-01210cefe820,,,,,,,,,,68b7b548-3aa3-4713-a414-01210cefe820,,,,,,,,,,68b7b548-3aa3-4713-a414-01210cefe820,,,0b19922d-2f3c-49ee-bdba-8798c68f130a,,,,,,,,68b7b548-3aa3-4713-a414-01210cefe820,,,,,,,68b7b548-3aa3-4713-a414-01210cefe820,,,,,,68b7b548-3aa3-4713-a414-01210cefe820,,
,,,,,,,,,,,,,,,,,,,05dcbf4e-92be-49ac-9c9f-e3fb982cbe18,,,,,,,,,,,,,,,,,,,,,05dcbf4e-92be-49ac-9c9f-e3fb982cbe18,,e04540d3-d537-4d74-bfcb-adfe2778708a,,,,,,,,,,,,,,,,,,05dcbf4e-92be-49ac-9c9f-e3fb982cbe18,,,,,,,,,,,05dcbf4e-92be-49ac-9c9f-e3fb982cbe18,,,,,,,05dcbf4e-92be-49ac-9c9f-e3fb982cbe18,,,,,,05dcbf4e-92be-49ac-9c9f-e3fb982cbe18,,
,,,,,,,,,,,,,,,,,,,,,,,,,,,,,,,,,,,,,,,,aed81f1b-b190-4076-9f38-601ef9f4b371,,,,,,,,,,,,,,,,,,,,732fcccb-a657-44bd-ba4a-185e85325b51,,,,,,,,,,,aed81f1b-b190-4076-9f38-601ef9f4b371,,,,,,,aed81f1b-b190-4076-9f38-601ef9f4b371,,,,,,68b7b548-3aa3-4713-a414-01210cefe820,,
,,,,,,,,,,,,,,,,,,,,,,,,,,,,,,,,,,,,,,,,68b7b548-3aa3-4713-a414-01210cefe820,,,,,,,,,,,,,,,,,,,,0b19922d-2f3c-49ee-bdba-8798c68f130a,,,,,,,,,,,0b19922d-2f3c-49ee-bdba-8798c68f130a,,,,,,,0b19922d-2f3c-49ee-bdba-8798c68f130a,,,,,,0b19922d-2f3c-49ee-bdba-8798c68f130a,,
,,,,,,,,,,,,,,,0b19922d-2f3c-49ee-bdba-8798c68f130a,,,,,,,,,,,,,,,,,,,e04540d3-d537-4d74-bfcb-adfe2778708a,,,,,,,,,,,,,,,,,,,,,,,,,,,,,,,,,,,,,0b19922d-2f3c-49ee-bdba-8798c68f130a,,,,,,,aed81f1b-b190-4076-9f38-601ef9f4b371,,,,,,,,
,,,,,,,68b7b548-3aa3-4713-a414-01210cefe820,,,,,,,,,,,,,,,,,,,68b7b548-3aa3-4713-a414-01210cefe820,,,,,,,,,,,,732fcccb-a657-44bd-ba4a-185e85325b51,,68b7b548-3aa3-4713-a414-01210cefe820,,,,,,,,,,68b7b548-3aa3-4713-a414-01210cefe820,,,,,,,68b7b548-3aa3-4713-a414-01210cefe820,,,68b7b548-3aa3-4713-a414-01210cefe820,,,,,,05dcbf4e-92be-49ac-9c9f-e3fb982cbe18,,,,,,,,,,,,68b7b548-3aa3-4713-a414-01210cefe820,,68b7b548-3aa3-4713-a414-01210cefe820,,,,,68b7b548-3aa3-4713-a414-01210cefe820,
,,,,,,,,,,,,,,,,,,,,,,,,,,,,,,,,,,,,,,,,0b19922d-2f3c-49ee-bdba-8798c68f130a,,,,,,,,,,e04540d3-d537-4d74-bfcb-adfe2778708a,,,,,,,,,,0b19922d-2f3c-49ee-bdba-8798c68f130a,,,,,,,,,,,0b19922d-2f3c-49ee-bdba-8798c68f130a,,,,,,,0b19922d-2f3c-49ee-bdba-8798c68f130a,,,,,,,,
,,,,,,,,,,,,,,,,,,,,,,,,,,,,,,,,,,,,,,,,aed81f1b-b190-4076-9f38-601ef9f4b371,,,,,,,,,,732fcccb-a657-44bd-ba4a-185e85325b51,,,,,,,,,,732fcccb-a657-44bd-ba4a-185e85325b51,,,,,,,,,,,732fcccb-a657-44bd-ba4a-185e85325b51,,,,,,,732fcccb-a657-44bd-ba4a-185e85325b51,,,,,,,,
,,,,,,,05dcbf4e-92be-49ac-9c9f-e3fb982cbe18,,,,,,,,,,,,,,,,,,,,,,,,,,,,,,,,,05dcbf4e-92be-49ac-9c9f-e3fb982cbe18,,,,,,,,,,,,,,,,,,,,05dcbf4e-92be-49ac-9c9f-e3fb982cbe18,,,,,,,,,,,05dcbf4e-92be-49ac-9c9f-e3fb982cbe18,05dcbf4e-92be-49ac-9c9f-e3fb982cbe18,,,,,,05dcbf4e-92be-49ac-9c9f-e3fb982cbe18,,,,,,,,
,,,,,,,732fcccb-a657-44bd-ba4a-185e85325b51,,,,,,,,,,,,,,,,,,,,,,,,,,,,,,,,,732fcccb-a657-44bd-ba4a-185e85325b51,,,,,,,,,,,,,,,,,,,,732fcccb-a657-44bd-ba4a-185e85325b51,,,,,,,,,,,732fcccb-a657-44bd-ba4a-185e85325b51,,,,,,,732fcccb-a657-44bd-ba4a-185e85325b51,,,,,,,,
,,,,68b7b548-3aa3-4713-a414-01210cefe820,,,e04540d3-d537-4d74-bfcb-adfe2778708a,,,,,,,,,,,,,,,,,,,,,,,,,,,,,,,,,aed81f1b-b190-4076-9f38-601ef9f4b371,,,,,,,,,,,,,,,,,,,,e04540d3-d537-4d74-bfcb-adfe2778708a,,,,e04540d3-d537-4d74-bfcb-adfe2778708a,,,,,,,e04540d3-d537-4d74-bfcb-adfe2778708a,,,,,,,e04540d3-d537-4d74-bfcb-adfe2778708a,,,,,,,,
,,,,,,,732fcccb-a657-44bd-ba4a-185e85325b51,,,,,,,,,,,,,,,,,,,,,,,,,,,,,,,,,aed81f1b-b190-4076-9f38-601ef9f4b371,,,,,,,,,,,,,,,,,,,,732fcccb-a657-44bd-ba4a-185e85325b51,,,,,,,,,,,732fcccb-a657-44bd-ba4a-185e85325b51,,,,,,,732fcccb-a657-44bd-ba4a-185e85325b51,,,,,,,,
,,,,,,,,,,,,,,,,,,,,,,,,,,,,,,,,,,,,,,,,,,,,,,,,,,e04540d3-d537-4d74-bfcb-adfe2778708a,,,,,,,,,,e04540d3-d537-4d74-bfcb-adfe2778708a,,,,,,,,,,e04540d3-d537-4d74-bfcb-adfe2778708a,,e04540d3-d537-4d74-bfcb-adfe2778708a,,,,,,e04540d3-d537-4d74-bfcb-adfe2778708a,,,,,,e04540d3-d537-4d74-bfcb-adfe2778708a,,
,,,,,,,,,,,,,,,,,,,,,,,,,,,,,,,,,,,,,,,,,,,,,,,,,,68b7b548-3aa3-4713-a414-01210cefe820,,,,,,,,,,68b7b548-3aa3-4713-a414-01210cefe820,,,,,,,,,,68b7b548-3aa3-4713-a414-01210cefe820,,68b7b548-3aa3-4713-a414-01210cefe820,,,,,,68b7b548-3aa3-4713-a414-01210cefe820,,,,,,68b7b548-3aa3-4713-a414-01210cefe820,,
732fcccb-a657-44bd-ba4a-185e85325b51,,,,,,,,,,,,,,,,,,,,,,,,,,,,,,,,,,,,,,,,,,,,,,,,,,732fcccb-a657-44bd-ba4a-185e85325b51,,,,,,,,,,732fcccb-a657-44bd-ba4a-185e85325b51,,,,,,732fcccb-a657-44bd-ba4a-185e85325b51,,732fcccb-a657-44bd-ba4a-185e85325b51,,732fcccb-a657-44bd-ba4a-185e85325b51,,732fcccb-a657-44bd-ba4a-185e85325b51,,,,,,732fcccb-a657-44bd-ba4a-185e85325b51,,,,,,e04540d3-d537-4d74-bfcb-adfe2778708a,,
,,,,,,,,,,,,,,,,,,,,,,,,,,,,,,,,,,,,,,,,,,,,,,,,,,aed81f1b-b190-4076-9f38-601ef9f4b371,,,,,,,,,,e04540d3-d537-4d74-bfcb-adfe2778708a,,,,,,,,,,05dcbf4e-92be-49ac-9c9f-e3fb982cbe18,,05dcbf4e-92be-49ac-9c9f-e3fb982cbe18,,,,,,05dcbf4e-92be-49ac-9c9f-e3fb982cbe18,,,,,,05dcbf4e-92be-49ac-9c9f-e3fb982cbe18,,
,,,,,,,732fcccb-a657-44bd-ba4a-185e85325b51,,,,,,,,,,,,,,,,,,,,,,,,,,,,,,,,,aed81f1b-b190-4076-9f38-601ef9f4b371,,,,,,,,,,aed81f1b-b190-4076-9f38-601ef9f4b371,,,,,,,,,,732fcccb-a657-44bd-ba4a-185e85325b51,,,,,,,,,,,,,,,,,,732fcccb-a657-44bd-ba4a-185e85325b51,,,,,,,,
,,,,,,,,,,,,,,,,,,,,,,,,,,,,,,,,,,,,,,,,,,,,,,,,,,aed81f1b-b190-4076-9f38-601ef9f4b371,,,,,,,,,,e04540d3-d537-4d74-bfcb-adfe2778708a,,,,,,,,,,e04540d3-d537-4d74-bfcb-adfe2778708a,,e04540d3-d537-4d74-bfcb-adfe2778708a,,,,,,e04540d3-d537-4d74-bfcb-adfe2778708a,,,,,,e04540d3-d537-4d74-bfcb-adfe2778708a,,
,,,,,,,,,,,,,,,,,,,,,,,,,,,,,,,,,,,,,,,,,,,,,,,,,,05dcbf4e-92be-49ac-9c9f-e3fb982cbe18,,,,,,,,,,05dcbf4e-92be-49ac-9c9f-e3fb982cbe18,,,,,,,,,,732fcccb-a657-44bd-ba4a-185e85325b51,,aed81f1b-b190-4076-9f38-601ef9f4b371,,,,,,05dcbf4e-92be-49ac-9c9f-e3fb982cbe18,,,,,,05dcbf4e-92be-49ac-9c9f-e3fb982cbe18,,
,,,,,,,,,,,,,,,,,,,,,,,,,,,,,,,,,,,,,,,,,,,,,,,,,,05dcbf4e-92be-49ac-9c9f-e3fb982cbe18,,,,,,,,,,0b19922d-2f3c-49ee-bdba-8798c68f130a,,,,,,,,,,0b19922d-2f3c-49ee-bdba-8798c68f130a,,05dcbf4e-92be-49ac-9c9f-e3fb982cbe18,,,,,,0b19922d-2f3c-49ee-bdba-8798c68f130a,,,,,,0b19922d-2f3c-49ee-bdba-8798c68f130a,,
,,,,,,,,,,,,,,,,,,,,,,,,,,,,,,,,,,,,,,,,,,,,,,,,,,e04540d3-d537-4d74-bfcb-adfe2778708a,,,,,,,,,,aed81f1b-b190-4076-9f38-601ef9f4b371,,,,,,,,,,e04540d3-d537-4d74-bfcb-adfe2778708a,,e04540d3-d537-4d74-bfcb-adfe2778708a,,,,,,aed81f1b-b190-4076-9f38-601ef9f4b371,,,,,,732fcccb-a657-44bd-ba4a-185e85325b51,,
,,,,,,,,,,,,,,,,,,,,,,,,,,,,,,,,,,,aed81f1b-b190-4076-9f38-601ef9f4b371,,,,,,,,,,,,,,,e04540d3-d537-4d74-bfcb-adfe2778708a,,,,,,,,,,aed81f1b-b190-4076-9f38-601ef9f4b371,,,,,,,,,,,,,,,,,,e04540d3-d537-4d74-bfcb-adfe2778708a,,,,,aed81f1b-b190-4076-9f38-601ef9f4b371,e04540d3-d537-4d74-bfcb-adfe2778708a,,
,,,,,,,,,,,,,,,,,,,,,,,,,,,,,,,,,,,aed81f1b-b190-4076-9f38-601ef9f4b371,,,,,,,,,,,,,,,aed81f1b-b190-4076-9f38-601ef9f4b371,,,,,,,,,,aed81f1b-b190-4076-9f38-601ef9f4b371,,,,,,,,,,aed81f1b-b190-4076-9f38-601ef9f4b371,,,,,,,,aed81f1b-b190-4076-9f38-601ef9f4b371,,,,,,aed81f1b-b190-4076-9f38-601ef9f4b371,,
,,,,,,,,,,,,,,,,,,,,,,,,,,,,,,,,,,,,,,,,,,,,,,,,,,05dcbf4e-92be-49ac-9c9f-e3fb982cbe18,,,,,,,,,,05dcbf4e-92be-49ac-9c9f-e3fb982cbe18,,,,,,,,,,05dcbf4e-92be-49ac-9c9f-e3fb982cbe18,,,,,,,,05dcbf4e-92be-49ac-9c9f-e3fb982cbe18,,,,,,05dcbf4e-92be-49ac-9c9f-e3fb982cbe18,,
,,,,,,,,,,,,,,,,,,,,,,0b19922d-2f3c-49ee-bdba-8798c68f130a,,,,,,,,,,,,,,,,,,,,,,,,,,,,aed81f1b-b190-4076-9f38-601ef9f4b371,,,,,,,,,,0b19922d-2f3c-49ee-bdba-8798c68f130a,,,,,,,,,,,,732fcccb-a657-44bd-ba4a-185e85325b51,,,,,,0b19922d-2f3c-49ee-bdba-8798c68f130a,,,,,,0b19922d-2f3c-49ee-bdba-8798c68f130a,,
,,,,,,,,,,,,,,,,,,,,,,,,,,,,,,,,,,,,,,,,68b7b548-3aa3-4713-a414-01210cefe820,,,,,,,,,,aed81f1b-b190-4076-9f38-601ef9f4b371,,,,,,,,,,68b7b548-3aa3-4713-a414-01210cefe820,,,,,,,,,,,68b7b548-3aa3-4713-a414-01210cefe820,,,,,,,732fcccb-a657-44bd-ba4a-185e85325b51,,,,,,,,
,,,,,,,,,,,,,,,,,,,,,,,,,,,,,,,,,,,,,,,,732fcccb-a657-44bd-ba4a-185e85325b51,,,,,,,,,,aed81f1b-b190-4076-9f38-601ef9f4b371,,,,,,,,,,732fcccb-a657-44bd-ba4a-185e85325b51,,,,,,,,,,,732fcccb-a657-44bd-ba4a-185e85325b51,732fcccb-a657-44bd-ba4a-185e85325b51,,,,,,732fcccb-a657-44bd-ba4a-185e85325b51,,,,,,,,
,,,,,,,,,,,,,,,,,,,,,,,,,,,,,,,,,,,,,e04540d3-d537-4d74-bfcb-adfe2778708a,,,05dcbf4e-92be-49ac-9c9f-e3fb982cbe18,,,,,,,,,,05dcbf4e-92be-49ac-9c9f-e3fb982cbe18,,,,,,,,,,05dcbf4e-92be-49ac-9c9f-e3fb982cbe18,,,,,,,,,,,05dcbf4e-92be-49ac-9c9f-e3fb982cbe18,,,,,,,05dcbf4e-92be-49ac-9c9f-e3fb982cbe18,,,,,,,,
,,,,,,,,,,,,,,,,,,,,,,,,,,,,,,,,,,,,,,,,0b19922d-2f3c-49ee-bdba-8798c68f130a,,,,,,,,,,0b19922d-2f3c-49ee-bdba-8798c68f130a,,,,,,,,,,0b19922d-2f3c-49ee-bdba-8798c68f130a,,,,,,,,,,0b19922d-2f3c-49ee-bdba-8798c68f130a,0b19922d-2f3c-49ee-bdba-8798c68f130a,,,,,,,0b19922d-2f3c-49ee-bdba-8798c68f130a,,,,,,,,
,,,,,,,05dcbf4e-92be-49ac-9c9f-e3fb982cbe18,,,,,,,,,,,,,,,,,,,,,,,,,,,,,,,,,,,,,,,,,,,aed81f1b-b190-4076-9f38-601ef9f4b371,,,,,,,,,,05dcbf4e-92be-49ac-9c9f-e3fb982cbe18,,,,,,,,,,,,,,,,,,05dcbf4e-92be-49ac-9c9f-e3fb982cbe18,,,,,,05dcbf4e-92be-49ac-9c9f-e3fb982cbe18,,
,,,,,,,732fcccb-a657-44bd-ba4a-185e85325b51,,,,,,,,,,,,,,,,,,,,,,,,,,,,,,,,,,,,,,,,,,,e04540d3-d537-4d74-bfcb-adfe2778708a,,,,,,,,,,732fcccb-a657-44bd-ba4a-185e85325b51,,,,,,,,,,,,,,,,,,732fcccb-a657-44bd-ba4a-185e85325b51,,,,,,e04540d3-d537-4d74-bfcb-adfe2778708a,,
,,,,,,,,,,,,,,,,,,,,,,,,,05dcbf4e-92be-49ac-9c9f-e3fb982cbe18,,,,,,,,,,,,,,,e04540d3-d537-4d74-bfcb-adfe2778708a,,,,,,,,,,e04540d3-d537-4d74-bfcb-adfe2778708a,,,,,,,,,,e04540d3-d537-4d74-bfcb-adfe2778708a,,,,,,,,,e04540d3-d537-4d74-bfcb-adfe2778708a,,05dcbf4e-92be-49ac-9c9f-e3fb982cbe18,,,,,,,aed81f1b-b190-4076-9f38-601ef9f4b371,,,,,,,,
,,,,,,,,,,,,,,,,,,,,,,,,,,,,,,,,,,,,,,,,68b7b548-3aa3-4713-a414-01210cefe820,,,,,,,,,,68b7b548-3aa3-4713-a414-01210cefe820,,,,,,,,,,68b7b548-3aa3-4713-a414-01210cefe820,,,,,,,,,,,68b7b548-3aa3-4713-a414-01210cefe820,,,,,,,68b7b548-3aa3-4713-a414-01210cefe820,,,,,,,,
732fcccb-a657-44bd-ba4a-185e85325b51,,,,,,,,,,,,,,,,,,,,,,,,,,,,,,,,,,,,,,,,,,,,,,,,,,aed81f1b-b190-4076-9f38-601ef9f4b371,,,,,,,,,,05dcbf4e-92be-49ac-9c9f-e3fb982cbe18,,,,,,,,,,,,,,,,,,05dcbf4e-92be-49ac-9c9f-e3fb982cbe18,,,,,,05dcbf4e-92be-49ac-9c9f-e3fb982cbe18,,
,,,,,,,,,,,,,,,,,,,,,,,,,,,,,,,,,,,,,,,,,,,,,,,,,,68b7b548-3aa3-4713-a414-01210cefe820,,,,,,,,,,68b7b548-3aa3-4713-a414-01210cefe820,,,,,,,,,,,,,,,,,,68b7b548-3aa3-4713-a414-01210cefe820,,,,,,68b7b548-3aa3-4713-a414-01210cefe820,,
,,,,,,,,,,,,,,,,,,,,,,,,,,,,,,,,,,,,,,,,,,,,,,,,,,aed81f1b-b190-4076-9f38-601ef9f4b371,,,,,,,,,,aed81f1b-b190-4076-9f38-601ef9f4b371,,,,,,,,,,,,,,,,,,aed81f1b-b190-4076-9f38-601ef9f4b371,,,,,,aed81f1b-b190-4076-9f38-601ef9f4b371,,
,,,,,,,,,,,,,,,,,,,,,,,,,,,,,,{'com': '0b19922d-2f3c-49ee-bdba-8798c68f130a'},,,,,,,,,,,,,,,,,,,,aed81f1b-b190-4076-9f38-601ef9f4b371,,,,,,,,,,aed81f1b-b190-4076-9f38-601ef9f4b371,aed81f1b-b190-4076-9f38-601ef9f4b371,,,,,,,,,,,,,,,,,0b19922d-2f3c-49ee-bdba-8798c68f130a,,,,,,aed81f1b-b190-4076-9f38-601ef9f4b371,,
,,,,,,,,,,,,,,,,,,,,,,,,,,,,,,{'com': '68b7b548-3aa3-4713-a414-01210cefe820'},,,,,,,,,,,,,,,,,,,,68b7b548-3aa3-4713-a414-01210cefe820,,,,,,,,,,68b7b548-3aa3-4713-a414-01210cefe820,,,,,,,,,,,,,,,,,,68b7b548-3aa3-4713-a414-01210cefe820,,,,,,68b7b548-3aa3-4713-a414-01210cefe820,,
,,,,,,,,,,,,,,,,,,,,,,,,,,,,,,,,,,,,,,,,,,,,,,,,,,e04540d3-d537-4d74-bfcb-adfe2778708a,,,,,,,,,,e04540d3-d537-4d74-bfcb-adfe2778708a,,,,,,,,,,,,,,,,,,e04540d3-d537-4d74-bfcb-adfe2778708a,,,,,,e04540d3-d537-4d74-bfcb-adfe2778708a,,
,,,,,,,,,,,,,,,,,,,,,,,,,,,,,,,,,,,,,,,,,,,,,,,,,,e04540d3-d537-4d74-bfcb-adfe2778708a,,,,,,,,,,e04540d3-d537-4d74-bfcb-adfe2778708a,,,,,,,,,,,,e04540d3-d537-4d74-bfcb-adfe2778708a,,,,,,e04540d3-d537-4d74-bfcb-adfe2778708a,,,,,,e04540d3-d537-4d74-bfcb-adfe2778708a,,
,,,,,,,,,,,,,,,,,,,,,,,,,,,,,,,,,,,,,,,,e04540d3-d537-4d74-bfcb-adfe2778708a,,,05dcbf4e-92be-49ac-9c9f-e3fb982cbe18,,,,,,,,,,,,,,,,,e04540d3-d537-4d74-bfcb-adfe2778708a,,,,,732fcccb-a657-44bd-ba4a-185e85325b51,,,,,,05dcbf4e-92be-49ac-9c9f-e3fb982cbe18,,,,,,,05dcbf4e-92be-49ac-9c9f-e3fb982cbe18,,,,,,,,
,,,,,,,,,,,,,,,,,,,,,,,,,,,,,,,,,,,,,,,,68b7b548-3aa3-4713-a414-01210cefe820,,,68b7b548-3aa3-4713-a414-01210cefe820,,,,,,,,,,,,,,,,,68b7b548-3aa3-4713-a414-01210cefe820,,,,,,,,,,,68b7b548-3aa3-4713-a414-01210cefe820,,,,,,,68b7b548-3aa3-4713-a414-01210cefe820,,,,,,,,
,,,,,,,,,,,,,,,,,,,,,,,,,,,,,,,,,,,,,,,,,,,,,,,,,,05dcbf4e-92be-49ac-9c9f-e3fb982cbe18,,,,,,,,,,05dcbf4e-92be-49ac-9c9f-e3fb982cbe18,,,,,,,,,,,,,,,,,,05dcbf4e-92be-49ac-9c9f-e3fb982cbe18,,,,,,05dcbf4e-92be-49ac-9c9f-e3fb982cbe18,,
e04540d3-d537-4d74-bfcb-adfe2778708a,,,,,,,,,,,,,,,,,,,,,,e04540d3-d537-4d74-bfcb-adfe2778708a,,,,,,,,,,,,,,,,,,,,,,,,,,,,e04540d3-d537-4d74-bfcb-adfe2778708a,,,,,,,,,,e04540d3-d537-4d74-bfcb-adfe2778708a,,,,,,,,,,,,,,,,,,e04540d3-d537-4d74-bfcb-adfe2778708a,,,,,,e04540d3-d537-4d74-bfcb-adfe2778708a,,
,,,,,,,,,,,,,,,,,,,,,,,,,,,,,,,,,,,,,,,,,,,,,,,,732fcccb-a657-44bd-ba4a-185e85325b51,,732fcccb-a657-44bd-ba4a-185e85325b51,,,,,,,,,,732fcccb-a657-44bd-ba4a-185e85325b51,,,,,,,,,,,,,,,,,,732fcccb-a657-44bd-ba4a-185e85325b51,,,,,,732fcccb-a657-44bd-ba4a-185e85325b51,,
,,,,,,,,,,,,,,,,,,,,,,,,,,,,,,,,,,,,,,,,,,,,,,,,,,05dcbf4e-92be-49ac-9c9f-e3fb982cbe18,,,,,,,,,,05dcbf4e-92be-49ac-9c9f-e3fb982cbe18,,,,,,,,,,,,,,,,,,05dcbf4e-92be-49ac-9c9f-e3fb982cbe18,,,,,,0b19922d-2f3c-49ee-bdba-8798c68f130a,,
,,,,,732fcccb-a657-44bd-ba4a-185e85325b51,,,,,,,,732fcccb-a657-44bd-ba4a-185e85325b51,,,,,,,,,,,,,,,,,,,,,,,,,,,,,,,,,,,,,,,,,,,,,,,732fcccb-a657-44bd-ba4a-185e85325b51,05dcbf4e-92be-49ac-9c9f-e3fb982cbe18,,,,,,,,,,,,,,,,,732fcccb-a657-44bd-ba4a-185e85325b51,,,,,,732fcccb-a657-44bd-ba4a-185e85325b51,,
,,,,,,,,,,,,,,,,,,05dcbf4e-92be-49ac-9c9f-e3fb982cbe18,,,,,,,e04540d3-d537-4d74-bfcb-adfe2778708a,,,,,,,,,,,,,,,,,,,,,,,,,,,,,,e04540d3-d537-4d74-bfcb-adfe2778708a,,,,,,,,,,,,,,,,05dcbf4e-92be-49ac-9c9f-e3fb982cbe18,,,,,,,05dcbf4e-92be-49ac-9c9f-e3fb982cbe18,,,,,,,,
,,,,,,,,,,,,,,,,,,05dcbf4e-92be-49ac-9c9f-e3fb982cbe18,,,,,,,05dcbf4e-92be-49ac-9c9f-e3fb982cbe18,,,,,,,,,,,,,,,,,,,,,,,,,,,,,,aed81f1b-b190-4076-9f38-601ef9f4b371,,,,,,,,,,,,,,,,05dcbf4e-92be-49ac-9c9f-e3fb982cbe18,,,,,,,05dcbf4e-92be-49ac-9c9f-e3fb982cbe18,,,,,,,,
,,,,,,,,,732fcccb-a657-44bd-ba4a-185e85325b51,,,,,,,,,,,,,,,,,,05dcbf4e-92be-49ac-9c9f-e3fb982cbe18,,,,,,,,,,,,,,,,,,,,,,,,,,,,,,,,,,,,,,,,,,,,,,,,,05dcbf4e-92be-49ac-9c9f-e3fb982cbe18,,e04540d3-d537-4d74-bfcb-adfe2778708a,,,,,,,,
,,,,,,,732fcccb-a657-44bd-ba4a-185e85325b51,,,,,,,,,,,,,,,,,,,,,,,,,,,,,,,,,,,,,,,,,,,e04540d3-d537-4d74-bfcb-adfe2778708a,,,,,,,,,,732fcccb-a657-44bd-ba4a-185e85325b51,,,,,,,,,,aed81f1b-b190-4076-9f38-601ef9f4b371,,,,,,,,732fcccb-a657-44bd-ba4a-185e85325b51,,,,,,e04540d3-d537-4d74-bfcb-adfe2778708a,,
,,,,,,,aed81f1b-b190-4076-9f38-601ef9f4b371,,,,,,,,,,,,,,,,,,,,,,,,,,,,,,,,,,,,,,,,,,,aed81f1b-b190-4076-9f38-601ef9f4b371,,,,,,,,,,aed81f1b-b190-4076-9f38-601ef9f4b371,,,,,,,,,,,,,,,,,,aed81f1b-b190-4076-9f38-601ef9f4b371,,,,,,aed81f1b-b190-4076-9f38-601ef9f4b371,,
,,,,,,,,05dcbf4e-92be-49ac-9c9f-e3fb982cbe18,,,,,,,,,,,,,,,,,,,,,,,,,,,,,,,,,,,,,,,,,,,,,05dcbf4e-92be-49ac-9c9f-e3fb982cbe18,,,,0b19922d-2f3c-49ee-bdba-8798c68f130a,,,,,e04540d3-d537-4d74-bfcb-adfe2778708a,,,,,,,,,,,,,,,,aed81f1b-b190-4076-9f38-601ef9f4b371,,,,,,,,
,,,732fcccb-a657-44bd-ba4a-185e85325b51,,,,,aed81f1b-b190-4076-9f38-601ef9f4b371,,,,,,,,,,,,,,,,,,,,,,,,,,,,,,,,,,aed81f1b-b190-4076-9f38-601ef9f4b371,,,,732fcccb-a657-44bd-ba4a-185e85325b51,,,,,,,,,,,,,,,,,,,,,,,,,,,,,,,,aed81f1b-b190-4076-9f38-601ef9f4b371,,,,,,,,
,,,,,,,,,,,,,,,,,,,e04540d3-d537-4d74-bfcb-adfe2778708a,aed81f1b-b190-4076-9f38-601ef9f4b371,,,,,,,,,,,,,,,,,,,,,,,,,,,,,,,,,,,,,,,,,,,e04540d3-d537-4d74-bfcb-adfe2778708a,,,,,,,,,,,,,,,aed81f1b-b190-4076-9f38-601ef9f4b371,,,,,,,,
,,,,,,,,0b19922d-2f3c-49ee-bdba-8798c68f130a,,,,,,,,,,,,,,,,,,,,,,,,,,,,,,,,0b19922d-2f3c-49ee-bdba-8798c68f130a,,0b19922d-2f3c-49ee-bdba-8798c68f130a,,,,,,,,,,,,,,,,,,,,,,,,,,,,,,,,,,,,0b19922d-2f3c-49ee-bdba-8798c68f130a,,,,,,,,
,,,,,,,,,,,,,,,,,e04540d3-d537-4d74-bfcb-adfe2778708a,,,,,,,,,,,,,,,,,,,,,,,,,e04540d3-d537-4d74-bfcb-adfe2778708a,,,,,,,,,,,,,,,,,,,,,,,,,,,,aed81f1b-b190-4076-9f38-601ef9f4b371,,,aed81f1b-b190-4076-9f38-601ef9f4b371,,,,,e04540d3-d537-4d74-bfcb-adfe2778708a,,,,,,,,
,,,,,,,,,,,,,,,,,732fcccb-a657-44bd-ba4a-185e85325b51,,,,,,,,,,,,,,,,,,,,,,,,,e04540d3-d537-4d74-bfcb-adfe2778708a,,,,,,,,,,,,,,,,,,,,,,,,,,,,,,,732fcccb-a657-44bd-ba4a-185e85325b51,,,,,e04540d3-d537-4d74-bfcb-adfe2778708a,,,,,,,,
,,,,,,,,,,,,,,,68b7b548-3aa3-4713-a414-01210cefe820,,,,,,,,,,,,,,,,,,,,,,,,,,68b7b548-3aa3-4713-a414-01210cefe820,,,,,,,,,,,,,,,,,,,,,,,68b7b548-3aa3-4713-a414-01210cefe820,,,,,,,,,,,,,,68b7b548-3aa3-4713-a414-01210cefe820,,,,,,,,
,,,,,,,,,,,,,,,732fcccb-a657-44bd-ba4a-185e85325b51,,,,,,,,,,,,,,,,,,,,,,,,,,,,,,,,,,,e04540d3-d537-4d74-bfcb-adfe2778708a,,,,,,,,,,,,,,732fcccb-a657-44bd-ba4a-185e85325b51,,,,,,,,,,,,,,e04540d3-d537-4d74-bfcb-adfe2778708a,,,,,,,,
,,,,,,,,,,,,,,,,,,,,,,,,,,,,,,,,,,,,,,,,,,,,,,,,,,,,,732fcccb-a657-44bd-ba4a-185e85325b51,,,,,,,,,,,68b7b548-3aa3-4713-a414-01210cefe820,,,,,,,,68b7b548-3aa3-4713-a414-01210cefe820,,,,,,68b7b548-3aa3-4713-a414-01210cefe820,,,,,,,,
e04540d3-d537-4d74-bfcb-adfe2778708a,,,,,,,,,,,,,,,,,,,,,aed81f1b-b190-4076-9f38-601ef9f4b371,,,,,,,,,,e04540d3-d537-4d74-bfcb-adfe2778708a,,,,,,,,,,,,,,,,,,,,,,,,,,,,,,,,,,,aed81f1b-b190-4076-9f38-601ef9f4b371,,,,,,,,,,,,aed81f1b-b190-4076-9f38-601ef9f4b371,,,,,,,,
,,,,,,,,,,,,,,,,,,,,,,,,,,,,,,,,aed81f1b-b190-4076-9f38-601ef9f4b371,,,,,,,,,,,,,,,,,,,,,,,,,,,e04540d3-d537-4d74-bfcb-adfe2778708a,,e04540d3-d537-4d74-bfcb-adfe2778708a,,,,,,,,,,,,,,,,,aed81f1b-b190-4076-9f38-601ef9f4b371,,,,,,,,
,,,,,,,,,,0b19922d-2f3c-49ee-bdba-8798c68f130a,,,,,,,,,,,,,,,,,,,,,e04540d3-d537-4d74-bfcb-adfe2778708a,e04540d3-d537-4d74-bfcb-adfe2778708a,,,,,,,,,,,,,,,,,,,,,,,,,,,,,,,,,,,,,,,,,,,,,,aed81f1b-b190-4076-9f38-601ef9f4b371,,,,,,,,
,,,,,,,,,,,,,,,,,,,,,,,,,,,,,,,,,,,,,,,,,,,,,732fcccb-a657-44bd-ba4a-185e85325b51,,,,,,,,,,,,,,,aed81f1b-b190-4076-9f38-601ef9f4b371,732fcccb-a657-44bd-ba4a-185e85325b51,,,,,,,,,,,,,,,,,732fcccb-a657-44bd-ba4a-185e85325b51,,,,,,732fcccb-a657-44bd-ba4a-185e85325b51,,
,,,,,05dcbf4e-92be-49ac-9c9f-e3fb982cbe18,,,,,,,,,,,,,,,,,,,,,,,,,,,,,,,,,,,,,,,,,,,,,,,,,,,,,,,e04540d3-d537-4d74-bfcb-adfe2778708a,,,,,,,,,,,,,,,,,,05dcbf4e-92be-49ac-9c9f-e3fb982cbe18,,,05dcbf4e-92be-49ac-9c9f-e3fb982cbe18,,,05dcbf4e-92be-49ac-9c9f-e3fb982cbe18,,
,,,,,,,,732fcccb-a657-44bd-ba4a-185e85325b51,,,,,,,,,,,68b7b548-3aa3-4713-a414-01210cefe820,,,,,,,,,,,,,,,,,,,,,,,,,,,,,,,,,,05dcbf4e-92be-49ac-9c9f-e3fb982cbe18,,,,,,,,,e04540d3-d537-4d74-bfcb-adfe2778708a,,,,,,,,,,,,,,,,,,,,,,,,
,,,,,,,732fcccb-a657-44bd-ba4a-185e85325b51,,,,,,,,,,,,,,,,,,,,,732fcccb-a657-44bd-ba4a-185e85325b51,,,,,,,,,,,,732fcccb-a657-44bd-ba4a-185e85325b51,,,,,,,,,,,,,,,,,,,,,,,,,,05dcbf4e-92be-49ac-9c9f-e3fb982cbe18,,,,,,,,,,,,,,,,,,,,
,,,,,,,,,,,,,,,,,,,,,,,,68b7b548-3aa3-4713-a414-01210cefe820,,,,,,,,,,,,,05dcbf4e-92be-49ac-9c9f-e3fb982cbe18,,,,,,,,,,,,,,,,,,,,,,,,,,,,,,,,,,,,,,aed81f1b-b190-4076-9f38-601ef9f4b371,,,,,aed81f1b-b190-4076-9f38-601ef9f4b371,,,,,,
,,,,,,,aed81f1b-b190-4076-9f38-601ef9f4b371,,,,,,,,,,,,,,,,,,,,,,,,,,,,,,,,,,,,,,,,,,,aed81f1b-b190-4076-9f38-601ef9f4b371,,,,,,,,,0b19922d-2f3c-49ee-bdba-8798c68f130a,aed81f1b-b190-4076-9f38-601ef9f4b371,,,,,,,,,,,,,,,,,,aed81f1b-b190-4076-9f38-601ef9f4b371,,,,,,aed81f1b-b190-4076-9f38-601ef9f4b371,,
,,,,,,,,,,,,,,,,,,,,,,,,,,,,,,,,,,,,,,,,,,,,,732fcccb-a657-44bd-ba4a-185e85325b51,,,,,,,,,,,,,,,732fcccb-a657-44bd-ba4a-185e85325b51,,,,,,,,,,,,,,,,,,05dcbf4e-92be-49ac-9c9f-e3fb982cbe18,,,,,,aed81f1b-b190-4076-9f38-601ef9f4b371,,
,,,,,,,,,,68b7b548-3aa3-4713-a414-01210cefe820,,,,,,,,,,,,,,,,,,,,,,,e04540d3-d537-4d74-bfcb-adfe2778708a,,,,,,,,,,,,68b7b548-3aa3-4713-a414-01210cefe820,,,,,,,,,,,,,,,,,,,,,,,,,,,e04540d3-d537-4d74-bfcb-adfe2778708a,,,,,,,,,,,,,,
,,,,,,,05dcbf4e-92be-49ac-9c9f-e3fb982cbe18,,,,,,,,,,,,,,,,,,,,,,,,,,,,,,,,,,,,,,,,,,,05dcbf4e-92be-49ac-9c9f-e3fb982cbe18,,,,,,,,,,aed81f1b-b190-4076-9f38-601ef9f4b371,,,,,,,,,,,,,,,,,,05dcbf4e-92be-49ac-9c9f-e3fb982cbe18,,,,,,05dcbf4e-92be-49ac-9c9f-e3fb982cbe18,,
,,,,,,,68b7b548-3aa3-4713-a414-01210cefe820,,,,,,,,,,,,,,,,,,,,,,,,,,,,,,,,,,,,,,,,,,,68b7b548-3aa3-4713-a414-01210cefe820,,,,,,,,,,68b7b548-3aa3-4713-a414-01210cefe820,,,,,,,,,,,,,,,,,,68b7b548-3aa3-4713-a414-01210cefe820,,,,,,68b7b548-3aa3-4713-a414-01210cefe820,,
